span_id,context,name,wall_ms,self_wall_ms,total_calls,distinct_blocks,pct_blocks,distinct_txs,pct_txs
13,blockstack_lib::chainstate::stacks::index::trie::Trie,walk_backptr,935426.91,932669.18,48440451,15000,100.0,30901,100.0
84,blockstack_lib::chainstate::stacks::index::storage::TrieRAM,calculate_node_hashes,1272836.45,381328.36,2132356,15000,100.0,0,0.0
16,clarity::vm::database::clarity_db::ClarityDatabase,fetch_metadata,657164.44,352025.16,3792413,15000,100.0,15513,50.2
60,clarity::vm::database::sqlite::SqliteConnection,put,297586.64,297586.64,1038880,15000,100.0,30901,100.0
10,blockstack_lib::chainstate::stacks::index::marf::MARF,walk,999944.13,151420.84,20524177,15000,100.0,30901,100.0
96,blockstack_lib::chainstate::stacks::index::file::TrieFile,append_trie_blob,129163.99,129136.38,30000,15000,100.0,0,0.0
93,blockstack_lib::chainstate::stacks::index::marf::MarfTransaction,commit_to,198695.87,92728.18,15000,15000,100.0,0,0.0
62,blockstack_lib::chainstate::stacks::index::trie_sql,get_block_hash,49185.11,49185.11,973529,15000,100.0,556,1.8
14,clarity::vm::database::sqlite::SqliteConnection,get,42445.87,42445.87,11256501,15000,100.0,30901,100.0
110,clarity::vm,lookup_variable,36918.12,36918.12,47062823,8110,54.1,14801,47.9
105,clarity::dispatch,execute-contract,3079077.99,35194.96,839689,8416,56.1,15492,50.1
102,blockstack_lib::chainstate::nakamoto::NakamotoChainState,advance_tip,426161.51,26944.23,15000,15000,100.0,0,0.0
22,clarity::vm::database::sqlite::SqliteConnection,get_metadata,25393.26,25393.26,3792731,15000,100.0,15504,50.2
24,clarity::vm,lookup_function,22840.77,22840.77,52253962,15000,100.0,15505,50.2
136,clarity::builtin,let,4296076.98,22203.42,2578820,6130,40.9,11214,36.3
1,stacks_bench::replay,Segment,2865003.75,22056.96,15000,15000,100.0,0,0.0
121,clarity::builtin,contract-call?,2082237.06,18163.89,824198,5491,36.6,8746,28.3
99,blockstack_lib::chainstate::stacks::index::trie_sql,inner_write_external_trie_blob,16482.36,16482.36,30000,15000,100.0,0,0.0
9,blockstack_lib::chainstate::stacks::index::marf::MARF,get_path,1016379.47,15649.74,20524177,15000,100.0,30901,100.0
27,"clarity_types::types::serialization::<impl clarity_types::types::Value>",serialize_write,29676.27,14379.95,72790720,15000,100.0,15617,50.5
11,blockstack_lib::chainstate::stacks::index::trie_sql,get_external_trie_offset_length,12026.07,12026.07,887133,15000,100.0,6729,21.8
12,blockstack_lib::chainstate::stacks::index::marf::MARF,walk_backptr,946592.38,11165.47,48440451,15000,100.0,30901,100.0
23,clarity::vm::callables::DefinedFunction,canonicalize_types,11109.8,11109.8,70010062,15000,100.0,15492,50.1
15,clarity::vm::database::clarity_db::ClarityDatabase,get_contract,613176.14,8343.87,2038919,15000,100.0,15513,50.2
8,blockstack_lib::chainstate::stacks::index::marf::MARF,get_by_key,1024243.73,7833.39,20524177,15000,100.0,30901,100.0
114,clarity::builtin,get,96329.94,6922.53,9616884,5897,39.3,9780,31.6
85,blockstack_lib::chainstate::stacks::index::trie::Trie,inner_get_trie_ancestor_hashes_bytes,393945.45,5900.83,30000,15000,100.0,0,0.0
30,"clarity_types::types::serialization::<impl clarity_types::types::Value>",deserialize_read_count,5891.35,5891.35,2478299,15000,100.0,14113,45.7
33,blockstack_lib::chainstate::nakamoto::NakamotoChainState,inner_setup_block,89234.94,5810.96,15000,15000,100.0,0,0.0
63,blockstack_lib::chainstate::stacks::index::trie_sql,read_node_type,5688.68,5688.68,159030,15000,100.0,2,0.0
49,blockstack_lib::clarity_vm::database::marf::PersistentWritableMarfStore,get_data,531004.89,5517.7,11318323,15000,100.0,30901,100.0
115,clarity::builtin,tuple,63139.99,5493.53,2439553,7563,50.4,13618,44.1
182,clarity::builtin,contract-of,96838.28,5251.58,429856,2842,18.9,3455,11.2
37,blockstack_lib::chainstate::stacks::index::marf::MARF,extend_trie,4641.12,3974.27,1341986,15000,100.0,30901,100.0
53,blockstack_lib::clarity_vm::database::marf::PersistentWritableMarfStore,get_contract_hash,267131.59,3834.63,3777950,15000,100.0,15513,50.2
52,blockstack_lib::clarity_vm::database::marf::PersistentWritableMarfStore,get_metadata,295927.04,3575.25,3777950,15000,100.0,15513,50.2
21,blockstack_lib::chainstate::stacks::index::marf::MARF,get_block_at_height,520035.41,3006.56,4508435,15000,100.0,15504,50.2
138,clarity::builtin,if,1101026.42,3004.24,2105982,3923,26.2,5218,16.9
29,clarity::vm::database::key_value_wrapper::RollbackWrapper,get_value,184368.74,2979.66,2592785,15000,100.0,14228,46.0
175,clarity::dispatch,begin-read-only-tx,641173.33,2922.84,1002211,3914,26.1,6324,20.5
107,clarity::dispatch,begin-public-tx,2743702.66,2862.66,515621,8416,56.1,15492,50.1
46,blockstack_lib::chainstate::stacks::index::marf::MARF,walk_cow,104695.02,2801.04,1311986,15000,100.0,30901,100.0
87,blockstack_lib::chainstate::stacks::index::file::TrieFile,get_node_hash_bytes,2748.73,2746.63,690000,15000,100.0,0,0.0
48,blockstack_lib::clarity_vm::clarity::ClarityInstance,get_epoch_of,2734.55,2734.55,15000,15000,100.0,0,0.0
45,blockstack_lib::chainstate::stacks::index::marf::MARF,do_insert_leaf,107383.12,2688.1,1311986,15000,100.0,30901,100.0
108,clarity::builtin,asserts!,80329.3,2674.23,2233900,7513,50.1,12588,40.7
7,blockstack_lib::chainstate::stacks::index::marf::MarfConnection,get,507010.35,2622.17,11454892,15000,100.0,30901,100.0
38,blockstack_lib::chainstate::stacks::index::trie_sql,count_blocks,2579.44,2579.44,1341986,15000,100.0,30901,100.0
104,blockstack_lib::chainstate::stacks::index::marf::MarfTransaction,commit,43659.53,2316.98,15000,15000,100.0,0,0.0
68,clarity::vm::database::clarity_db::ClarityDatabase,get_current_burnchain_block_height,6511.16,2256.2,116068,15000,100.0,30901,100.0
31,blockstack_lib::chainstate::stacks::index::trie_sql,get_block_identifier,2145.6,2145.6,223423,15000,100.0,15,0.0
158,clarity::builtin,*,1999.2,1999.2,5283805,4088,27.3,5498,17.8
80,clarity::vm::database::clarity_db::ClarityDatabase,put_value_with_size,8919.85,1809.61,628834,15000,100.0,13238,42.8
5,clarity::vm::database::key_value_wrapper::RollbackWrapper,get_data,225517.25,1808.74,5838744,15000,100.0,30901,100.0
111,clarity::builtin,is-eq,2148.95,1615.93,2406288,6693,44.6,10995,35.6
61,blockstack_lib::chainstate::stacks::index::trie_sql,read_node_type_nohash,1581.67,1581.67,282011,15000,100.0,13,0.0
66,blockstack_lib::chainstate::nakamoto::miner::NakamotoBlockBuilder,try_mine_tx_with_len,1567846.17,1579.54,30901,15000,100.0,30901,100.0
4,clarity::vm::database::clarity_db::ClarityDatabase,get_data,226889.39,1372.14,5838744,15000,100.0,30901,100.0
131,clarity::builtin,+,1334.68,1334.68,3305404,7590,50.6,13366,43.3
26,clarity::vm::database::clarity_db::ClarityDatabase,fetch_entry_with_size,109605.53,1316.21,851815,15000,100.0,11030,35.7
197,clarity::builtin,fold,1080488.17,1274.73,46539,2509,16.7,2970,9.6
94,blockstack_lib::chainstate::stacks::index::storage::TrieStorageTransaction,flush_to,105967.69,1210.85,15000,15000,100.0,0,0.0
130,clarity::vm::database::clarity_db::ClarityDatabase,lookup_variable_with_size,75078.58,1180.99,1392548,7435,49.6,12997,42.1
17,clarity::vm::database::key_value_wrapper::RollbackWrapper,get_metadata,305389.17,1142.81,3792964,15000,100.0,15513,50.2
132,clarity::builtin,map-set,67406.32,1093.81,393146,6458,43.1,11408,36.9
129,clarity::builtin,var-get,76116.11,1037.53,1392548,7435,49.6,12997,42.1
149,clarity::builtin,>,2785.31,1009.46,1210318,4528,30.2,6202,20.1
25,clarity::builtin,map-get?,112236.23,965.87,851815,15000,100.0,11030,35.7
975,clarity::user::private,fold-withdraw-liquidity-multi,384694.73,945.86,140215,747,5.0,765,2.5
135,clarity::builtin,ok,912.82,912.82,1773753,7903,52.7,14367,46.5
54,blockstack_lib::clarity_vm::database::marf::PersistentWritableMarfStore,get_block_at_height,126070.04,886.43,3781124,15000,100.0,15504,50.2
160,clarity::builtin,/,871.74,871.74,2195096,3649,24.3,4933,16.0
59,blockstack_lib::clarity_vm::database::marf::PersistentWritableMarfStore,put_all_data,324458.18,851.26,61461,15000,100.0,30901,100.0
3,blockstack_lib::clarity_vm::clarity::ClarityInstance,eval_read_only,15645.73,847.77,15000,15000,100.0,0,0.0
88,stacks_bench::replay,"Segment: Clarity State Commit",199841.17,808.19,15000,15000,100.0,0,0.0
172,clarity::builtin,print,7486.06,783.56,490008,4709,31.4,7396,23.9
122,clarity::builtin,and,49953.32,762.53,482598,4654,31.0,5799,18.8
134,clarity::vm::database::clarity_db::ClarityDatabase,inner_set_entry,36754.8,676.24,393201,6467,43.1,11424,37.0
340,clarity::builtin,slice?,1172.38,675.22,112438,1473,9.8,1701,5.5
127,clarity::builtin,try!,645.95,645.95,1230296,7172,47.8,11944,38.7
64,stacks_bench::replay,"Segment: Tx Execution",1569248.25,570.58,15000,15000,100.0,0,0.0
28,clarity::vm::database::clarity_db::ClarityDatabase,get_value,184933.23,564.5,2592785,15000,100.0,14228,46.0
137,clarity::builtin,unwrap!,534.42,534.42,1185211,3970,26.5,6421,20.8
142,clarity::builtin,-,530.52,530.52,1242568,3882,25.9,5266,17.0
152,clarity::builtin,or,3802.97,517.07,321969,3353,22.4,4225,13.7
421,clarity::user::private,D-for-loop,21631.96,477.34,230784,123,0.8,123,0.4
34,blockstack_lib::clarity_vm::clarity::ClarityInstance,begin_block,65249.39,471.55,15000,15000,100.0,0,0.0
171,clarity::vm::database::clarity_db::ClarityDatabase,get_nft_owner,29865.01,454.05,272749,1658,11.1,1756,5.7
106,clarity::vm::database::clarity_db::ClarityDatabase,get_contract_size,131807.16,447.54,839689,8416,56.1,15492,50.1
126,clarity::builtin,begin,437.54,437.54,687504,6635,44.2,10581,34.2
235,clarity::builtin,append,1297.93,425.98,330705,1892,12.6,2132,6.9
43,blockstack_lib::chainstate::stacks::index::marf::MarfTransaction,insert_batch,108116.88,413.73,106461,15000,100.0,30901,100.0
40,blockstack_lib::chainstate::stacks::index::storage::TrieStorageTransaction,flush,41342.96,387.15,45000,15000,100.0,0,0.0
204,clarity::builtin,as-max-len?,3482.74,384.47,391547,1907,12.7,2148,7.0
430,clarity::user::private,fold-d-for-loop,11503.43,374.98,185088,192,1.3,205,0.7
116,clarity::builtin,default-to,362.77,362.77,644392,5629,37.5,7901,25.6
1031,clarity::user::private,iter-unpack-u16,6233.39,356.98,188544,167,1.1,169,0.5
183,clarity::builtin,ft-transfer?,4136.39,353.71,85440,3189,21.3,5381,17.4
978,clarity::builtin,nft-burn?,13472.53,339.59,90492,1096,7.3,1127,3.6
202,clarity::builtin,concat,1599.91,334.33,49200,646,4.3,656,2.1
166,clarity::builtin,match,47629.53,331.26,212154,3521,23.5,5757,18.6
120,clarity::builtin,>=,1811.8,330.2,361168,5486,36.6,7351,23.8
125,clarity::vm::database::clarity_db::ClarityDatabase,get_ft_balance,21184.71,317.64,276635,5422,36.1,8521,27.6
147,clarity::builtin,unwrap-panic,316.4,316.4,697425,2858,19.1,3444,11.1
92,clarity::vm::database::sqlite::SqliteConnection,commit_metadata_to,296.64,296.64,15000,15000,100.0,0,0.0
985,clarity::user::private,fold-add-liquidity-multi,386882.84,295.19,65214,577,3.8,592,1.9
44,blockstack_lib::chainstate::stacks::index::marf::MARF,insert_leaf_in_batch,106966.71,285.16,1205525,15000,100.0,30901,100.0
1032,clarity::user::private,unpack-u16-at,2500.18,283.11,188544,167,1.1,169,0.5
170,clarity::builtin,nft-mint?,10955.63,275.77,91097,1389,9.3,1456,4.7
977,clarity::user::private,tag-pool-token-id,38287.08,271.3,90777,1104,7.4,1136,3.7
144,clarity::builtin,<=,845.91,266.07,295999,3622,24.1,4364,14.1
146,clarity::builtin,element-at?,237.01,237.01,98149,1773,11.8,2093,6.8
57,blockstack_lib::clarity_vm::clarity::ClarityTransactionConnection,with_clarity_db,32328.08,226.58,107553,15000,100.0,30901,100.0
976,clarity::user::private,get-balance-or-default,12334.91,222.68,90794,1117,7.4,1150,3.7
74,blockstack_lib::chainstate::nakamoto::miner::NakamotoBlockBuilder,mine_nakamoto_block,489686.0,218.44,15000,15000,100.0,0,0.0
72,clarity::vm::functions::assets,stx_transfer_consolidated,15048.16,217.44,46969,13099,87.3,18958,61.4
71,blockstack_lib::clarity_vm::clarity::ClarityTransactionConnection,with_abort_callback,1227684.84,216.4,29808,14813,98.8,29808,96.5
39,blockstack_lib::chainstate::stacks::index::storage::TrieStorageTransaction,extend_to_block,239.19,212.98,30000,15000,100.0,0,0.0
1014,clarity::user::private,mask-to-list-iter,1663.2,206.03,116672,115,0.8,115,0.4
1044,clarity::user::private,resolve-interpolation-points,1591.65,202.34,94272,167,1.1,169,0.5
979,clarity::user::private,update-user-balance,34363.02,199.53,90777,1104,7.4,1136,3.7
189,clarity::builtin,merge,385.26,189.52,156183,2787,18.6,4698,15.2
58,clarity::vm::database::clarity_db::ClarityDatabase,put_data,177.13,177.13,529685,15000,100.0,30901,100.0
123,clarity::builtin,ft-mint?,1608.91,171.78,50316,3256,21.7,3715,12.0
1043,clarity::user::private,combine-elements,422.59,171.2,94272,167,1.1,169,0.5
1039,clarity::user::private,mul-div-down,345.21,168.51,53023,167,1.1,169,0.5
179,clarity::vm::callables::DefinedFunction,check_trait_expectations,154.21,154.21,110141,2433,16.2,3000,9.7
67,blockstack_lib::clarity_vm::clarity::ClarityTransactionConnection,with_clarity_db_readonly_owned,14987.8,150.55,92804,15000,100.0,30901,100.0
190,clarity::builtin,map,146636.99,149.98,12882,674,4.5,787,2.5
230,clarity::builtin,as-contract?,31983.91,147.54,46989,1167,7.8,1250,4.0
990,clarity::user::private,fold-swap-x-for-y-simple-multi,142835.33,145.12,53705,276,1.8,303,1.0
181,clarity::builtin,is-standard,662.99,144.34,198892,2127,14.2,2521,8.2
1037,clarity::user::private,mul-div-up,312.45,139.43,31037,167,1.1,169,0.5
273,clarity::builtin,ft-burn?,3109.37,139.28,44102,767,5.1,798,2.6
984,clarity::user::private,check-pool-validity,7173.51,135.68,74235,1165,7.8,1260,4.1
488,clarity::user::private,x-for-loop,4371.65,131.16,63360,65,0.4,65,0.2
128,clarity::builtin,var-set,2035.52,128.05,38134,5782,38.5,10207,33.0
351,clarity::builtin,index-of?,3733.25,123.19,91680,1158,7.7,1198,3.9
533,clarity::builtin,nft-get-owner?,13566.68,120.53,90927,1237,8.2,1285,4.2
157,clarity::builtin,pow,118.11,118.11,322601,814,5.4,972,3.1
983,clarity::user::private,fold-swap-y-for-x-simple-multi,28827.59,116.06,46292,277,1.8,295,1.0
422,clarity::user::private,y-for-loop,3508.03,105.69,51840,70,0.5,70,0.2
196,clarity::builtin,list,102.05,95.86,165433,2293,15.3,2665,8.6
431,clarity::user::private,fold-x-for-loop,1681.25,93.38,46080,116,0.8,119,0.4
103,stacks_bench::replay,"Segment: Index Commit",43752.2,92.67,15000,15000,100.0,0,0.0
365,clarity::user::private,parse-proof,1478.17,91.88,39260,54,0.4,54,0.2
567,clarity::user::private,fold-y-for-loop,1649.37,91.56,45312,109,0.7,116,0.4
232,clarity::builtin,to-int,88.8,88.8,193964,1945,13.0,2124,6.9
228,clarity::user::private,is-valid-pool,4712.2,85.99,45927,1335,8.9,1574,5.1
83,blockstack_lib::chainstate::stacks::index::marf::MarfTransaction,seal,824127.53,85.36,30000,15000,100.0,0,0.0
233,clarity::builtin,to-uint,81.03,81.03,193177,1970,13.1,2158,7.0
6,blockstack_lib::clarity_vm::database::marf::ReadOnlyMarfStore,get_data,7189.63,80.25,75000,15000,100.0,0,0.0
141,clarity::builtin,len,75.39,75.39,98453,2119,14.1,2427,7.9
206,clarity::builtin,mod,70.02,70.02,191479,557,3.7,667,2.2
165,clarity::builtin,is-some,64.72,64.72,96889,1942,12.9,2165,7.0
180,clarity::builtin,stx-transfer?,9964.51,59.8,32665,3319,22.1,4654,15.1
1036,clarity::user::private,calc-cumulative-debt,311.42,59.48,19634,167,1.1,169,0.5
986,clarity::user::read-only,get-liquidity-value,1960.29,55.01,188344,636,4.2,659,2.1
100,blockstack_lib::chainstate::nakamoto::NakamotoChainState,get_block_burn_view,105.23,52.79,15000,15000,100.0,0,0.0
78,clarity::vm::database::clarity_db::ClarityDatabase,fetch_entry,21661.58,52.27,15000,15000,100.0,0,0.0
1040,clarity::user::private,interpolate-rate,2656.14,50.86,11784,167,1.1,169,0.5
320,clarity::builtin,get-stacks-block-info?,394.22,49.82,3388,215,1.4,216,0.7
79,clarity::vm::database::clarity_db::ClarityDatabase,put_value,302.21,48.85,197414,15000,100.0,1782,5.8
1007,clarity::builtin,bit-and,48.03,48.03,128488,135,0.9,137,0.4
162,clarity::builtin,<,413.24,44.41,48403,1907,12.7,3711,12.0
231,clarity::user::read-only,get-bin-balances,8402.58,43.64,140586,1550,10.3,1661,5.4
1033,clarity::user::private,utilization,3927.57,41.01,12007,167,1.1,169,0.5
19,blockstack_lib::clarity_vm::database::marf::ReadOnlyMarfStore,get_contract_hash,8113.88,39.23,15000,15000,100.0,0,0.0
95,blockstack_lib::chainstate::stacks::index::file::TrieFile,store_trie_blob,145712.65,39.09,30000,15000,100.0,0,0.0
56,blockstack_lib::clarity_vm::clarity::ClarityBlockConnection,as_free_transaction,8054.57,38.65,30112,15000,100.0,0,0.0
47,blockstack_lib::chainstate::stacks::index::marf::MARF,insert_leaf,736.44,34.88,106461,15000,100.0,30901,100.0
75,blockstack_lib::clarity_vm::clarity::ClarityBlockConnection,as_transaction,25933.74,33.32,30448,15000,100.0,0,0.0
18,blockstack_lib::clarity_vm::database::marf::ReadOnlyMarfStore,get_metadata,8319.33,32.39,15000,15000,100.0,0,0.0
1047,clarity::user::private,calc-index-next,137.22,32.19,11784,167,1.1,169,0.5
1045,clarity::user::private,linear-interpolate,308.75,31.87,11784,167,1.1,169,0.5
1046,clarity::user::private,calc-multiplier-delta,257.05,31.86,11449,167,1.1,169,0.5
1030,clarity::user::private,unpack-u16,6677.66,31.23,23568,167,1.1,169,0.5
1041,clarity::user::private,resolve-and-interpolate,2564.76,29.95,11784,167,1.1,169,0.5
980,clarity::user::read-only,get-user-bins,5552.8,28.69,90777,1104,7.4,1136,3.7
1035,clarity::user::private,total-debt,1811.58,28.68,12042,167,1.1,169,0.5
97,blockstack_lib::chainstate::stacks::index::trie_sql,get_external_blobs_length,27.61,27.61,30000,15000,100.0,0,0.0
112,clarity::user::private,is-response-already-submitted,3466.28,27.6,2373,2165,14.4,2373,7.7
1042,clarity::user::private,zip,630.87,27.42,11784,167,1.1,169,0.5
981,clarity::user::read-only,get-total-supply,4220.76,27.29,90781,1107,7.4,1139,3.7
98,blockstack_lib::chainstate::stacks::index::trie_sql,write_external_trie_blob,16509.57,27.21,30000,15000,100.0,0,0.0
124,clarity::builtin,as-contract,71099.56,25.22,22858,4053,27.0,7042,22.8
1053,clarity::user::private,debt-preview,12320.2,24.87,7592,165,1.1,167,0.5
234,clarity::user::read-only,get-bin-price,14186.93,24.69,74235,1165,7.8,1260,4.1
73,stacks_bench::replay,"Segment: Finalize (merkle+seal)",489708.44,22.44,15000,15000,100.0,0,0.0
526,clarity::vm::database::sqlite::SqliteConnection,insert_metadata,21.08,21.08,183,11,0.1,14,0.0
1038,clarity::user::private,calc-utilization,243.78,20.58,12007,167,1.1,169,0.5
42,blockstack_lib::chainstate::stacks::index::trie_sql,tx_lock_bhh_for_extension,20.54,20.54,30000,15000,100.0,0,0.0
119,clarity::builtin,not,20.38,20.38,58198,4726,31.5,7706,24.9
76,clarity::vm::database::clarity_db::ClarityDatabase,fetch_entry_unknown_descriptor,23760.32,19.84,15000,15000,100.0,0,0.0
90,blockstack_lib::clarity_vm::database::marf::PersistentWritableMarfStore,commit_to_processed_block,199020.37,19.41,15000,15000,100.0,0,0.0
200,clarity::builtin,secp256k1-recover?,48.17,19.26,839,67,0.4,67,0.2
35,blockstack_lib::chainstate::stacks::index::trie_sql,get_confirmed_block_identifier,18.46,18.46,30000,15000,100.0,0,0.0
271,clarity::user::private,mul-down,35.59,17.96,5451,116,0.8,142,0.5
50,clarity::vm::database::clarity_db::ClarityDatabase,lookup_variable_unknown_descriptor,4510.98,17.66,15000,15000,100.0,0,0.0
281,clarity::user::private,transfer!,379.02,17.29,2646,391,2.6,485,1.6
101,stacks_bench::replay,"Segment: Advance Chain Tip",426178.73,17.21,15000,15000,100.0,0,0.0
118,clarity::user::private,is-survey-blocked,1953.21,17.14,2373,2165,14.4,2373,7.7
65,stacks_bench::replay,Transaction,1567863.15,16.98,30901,15000,100.0,30901,100.0
1087,clarity::user::private,iter-active,199.81,16.97,9344,36,0.2,37,0.1
55,clarity::vm::database::clarity_db::ClarityDatabase,lookup_variable,1169.74,16.76,15000,15000,100.0,0,0.0
280,clarity::builtin,ft-get-supply,1577.99,16.73,11548,1222,8.1,1487,4.8
302,clarity::builtin,ft-get-balance,13805.03,16.51,12087,481,3.2,549,1.8
168,clarity::vm::variables,lookup_reserved_variable,1560.39,16.43,29292,4336,28.9,7817,25.3
274,clarity::vm::database::clarity_db::ClarityDatabase,load_ft,2587.15,16.33,44102,767,5.1,798,2.6
1259,clarity::user::private,is-logic-caller,239.34,15.02,5694,446,3.0,1898,6.1
113,clarity::user::private,get-response-by-id,3428.3,14.86,2373,2165,14.4,2373,7.7
1085,clarity::user::private,iter-population,92.44,14.79,9344,36,0.2,37,0.1
339,clarity::user::private,read-buff,36.83,13.73,3184,54,0.4,54,0.2
89,blockstack_lib::clarity_vm::clarity::ClarityBlockConnection,commit_to_block,199032.98,12.61,15000,15000,100.0,0,0.0
511,clarity::vm::analysis::analysis_db::AnalysisDatabase,execute,263.87,11.67,17,12,0.1,17,0.1
510,blockstack_lib::clarity_vm::clarity::ClarityTransactionConnection,with_analysis_db,276.02,11.51,36,17,0.1,22,0.1
51,clarity::vm::database::clarity_db::ClarityDatabase,load_variable,3323.58,11.46,15000,15000,100.0,0,0.0
133,clarity::user::private,get-response-count-by-survey-id,809.48,11.24,2373,2165,14.4,2373,7.7
1028,clarity::user::private,next-index,17725.42,11.15,11561,167,1.1,169,0.5
1029,clarity::user::private,interest-rate,14357.69,10.9,11784,167,1.1,169,0.5
402,clarity::vm::contexts::ExecutionState,evaluate_at_block,78098.95,9.88,4608,60,0.4,60,0.2
77,clarity::vm::database::clarity_db::ClarityDatabase,load_map,2078.91,9.66,15000,15000,100.0,0,0.0
222,clarity::builtin,stx-get-balance,574.89,9.14,3343,392,2.6,482,1.6
81,blockstack_lib::clarity_vm::clarity::ClarityBlockConnection,seal,463125.67,8.85,15000,15000,100.0,0,0.0
91,blockstack_lib::clarity_vm::database::marf::PersistentWritableMarfStore,commit_metadata_for_trie,305.08,8.45,15000,15000,100.0,0,0.0
372,clarity::user::private,buff-20-to-uint,30.82,8.43,3926,54,0.4,54,0.2
341,clarity::builtin,buff-to-uint-be,7.53,7.53,18009,419,2.8,520,1.7
69,blockstack_lib::clarity_vm::database::marf::PersistentWritableMarfStore,get_current_block_height,202.99,7.29,139388,15000,100.0,30901,100.0
109,clarity::user::private,validate-ownership,12.76,7.22,2373,2165,14.4,2373,7.7
150,clarity::builtin,filter,520.73,7.15,924,322,2.1,329,1.1
1052,clarity::user::private,total-assets-preview,13405.21,7.15,7592,165,1.1,167,0.5
401,clarity::builtin,at-block,78196.01,6.79,4608,60,0.4,60,0.2
220,clarity::builtin,err,6.74,6.74,16046,419,2.8,483,1.6
356,clarity::user::private,read-buff-20,29.2,6.68,2025,54,0.4,54,0.2
255,clarity::user::private,pow-decimals,437.08,6.63,1682,129,0.9,159,0.5
513,clarity::vm::analysis::analysis_db::AnalysisDatabase,load_contract_non_canonical,250.61,6.6,354,11,0.1,13,0.0
82,blockstack_lib::clarity_vm::database::marf::PersistentWritableMarfStore,seal_trie,463116.82,6.54,15000,15000,100.0,0,0.0
1360,clarity::user::private,get-collateral-amount,5170.44,6.39,2972,58,0.4,58,0.2
1013,clarity::user::private,mask-to-list-internal,1748.27,6.3,1823,115,0.8,115,0.4
338,clarity::user::private,read-uint-8,36.61,5.97,1604,54,0.4,54,0.2
987,clarity::user::private,fold-withdraw-relative-liquidity-same-multi,2343.26,5.52,2106,32,0.2,32,0.1
370,clarity::user::private,hash-path,92.68,5.34,1963,54,0.4,54,0.2
403,blockstack_lib::clarity_vm::database::marf::PersistentWritableMarfStore,set_block_hash,392.37,5.33,9216,60,0.4,60,0.2
1156,clarity::user::private,convert-to-assets-preview,20077.08,5.14,3704,93,0.6,93,0.3
1051,clarity::user::private,total-supply,331.19,5.14,5332,165,1.1,167,0.5
20,blockstack_lib::clarity_vm::database::marf::ReadOnlyMarfStore,get_block_at_height,6569.79,5.08,15000,15000,100.0,0,0.0
36,blockstack_lib::chainstate::stacks::index::trie_sql,get_unconfirmed_block_identifier,4.55,4.55,30000,15000,100.0,0,0.0
1258,clarity::user::private,create-one-listing-iter,716.63,4.5,2000,16,0.1,20,0.1
350,clarity::user::private,batch-check-active-public-keys,41.76,4.39,806,54,0.4,54,0.2
70,clarity::vm::clarity::TransactionConnection,run_stx_transfer,5520.53,4.38,14303,11881,79.2,14303,46.3
1116,clarity::user::private,iter-uint-to-list-u64,32.1,4.31,1856,29,0.2,29,0.1
155,clarity::user::private,is-digit,70.58,3.85,2927,251,1.7,256,0.8
396,clarity::user::private,sl,41.28,3.84,1347,308,2.1,402,1.3
369,clarity::user::private,keccak160,17.68,3.76,2114,54,0.4,54,0.2
1414,clarity::user::private,collect-fee,173.34,3.75,424,424,2.8,424,1.4
1080,clarity::user::private,calc-treasury-lp-preview,13037.29,3.74,3746,129,0.9,131,0.4
1034,clarity::user::read-only,get-available-assets,1807.77,3.74,12049,167,1.1,169,0.5
151,clarity::user::private,is-vowel,37.86,3.65,2788,251,1.7,256,0.8
221,clarity::builtin,stx-account,1978.81,3.65,883,89,0.6,91,0.3
156,clarity::user::private,is-special-char,17.93,3.52,2741,251,1.7,256,0.8
154,clarity::user::private,is-nonalpha,105.42,3.51,2788,251,1.7,256,0.8
1079,clarity::user::private,total-supply-preview,13317.85,3.51,3746,129,0.9,131,0.4
163,clarity::user::private,is-char-valid,104.81,3.49,2724,249,1.7,254,0.8
164,clarity::user::private,is-lowercase-alpha,84.65,3.47,2724,249,1.7,254,0.8
385,clarity::user::private,div-down,19.41,3.38,1763,142,0.9,168,0.5
1351,clarity::user::private,capture-participant-snapshot,81189.52,3.21,755,59,0.4,59,0.2
371,clarity::user::private,hash-nodes,82.5,3.18,1963,54,0.4,54,0.2
1018,clarity::user::private,subset,16.57,3.13,1823,116,0.8,117,0.4
571,clarity::user::private,find-current-tenure-anchor,6.31,2.99,2100,1,0.0,1,0.0
1006,clarity::user::private,mask-pos,9.45,2.96,1639,128,0.9,130,0.4
1016,clarity::user::private,relevant,40.13,2.95,1406,106,0.7,106,0.3
569,clarity::user::private,find-previous-tenure-anchor,6.24,2.93,2100,1,0.0,1,0.0
1012,clarity::user::private,mask-to-list-collateral,900.52,2.92,926,115,0.8,115,0.4
1155,clarity::user::private,get-balance-internal,2731.48,2.84,1865,93,0.6,93,0.3
226,clarity::user::private,update-value,76.32,2.79,817,152,1.0,152,0.5
1350,clarity::user::private,capture-participant-balances-optimizer,81439.8,2.74,755,59,0.4,59,0.2
568,clarity::builtin,get-tenure-info?,7.33,2.69,5,3,0.0,3,0.0
1021,clarity::user::private,mask-to-list-debt,864.88,2.65,897,115,0.8,115,0.4
205,clarity::user::private,uint-to-buff-iter,26.13,2.65,1536,4,0.0,4,0.0
416,clarity::user::private,get-scaled-down-token-amounts,17.2,2.49,896,122,0.8,122,0.4
426,clarity::user::private,scale-down-amounts,817.74,2.42,717,189,1.3,202,0.7
1182,clarity::user::private,compute-levy,2.8,2.33,324,270,1.8,324,1.0
346,clarity::user::private,read-uint-64,14.97,2.33,666,54,0.4,54,0.2
715,clarity::user::private,swap,2042.49,2.14,281,70,0.5,71,0.2
187,clarity::user::private,update-reserves,241.9,2.08,882,293,2.0,359,1.2
551,clarity::builtin,nft-transfer?,47.94,2.06,234,233,1.6,234,0.8
1050,clarity::user::private,mul-bps-down,2.88,2.02,446,100,0.7,102,0.3
167,clarity::builtin,stx-burn?,69.19,2.0,256,251,1.7,256,0.8
185,clarity::user::private,update-revenue,200.17,1.96,829,274,1.8,334,1.1
1015,clarity::user::private,iter-lookup-collateral,427.75,1.96,827,106,0.7,106,0.3
145,clarity::user::private,get-exp-at-index,2.38,1.95,258,251,1.7,256,0.8
388,clarity::user::private,get-price-internal,391.91,1.94,830,109,0.7,135,0.4
348,clarity::user::private,empty-key,4.8,1.9,806,54,0.4,54,0.2
1101,clarity::user::private,calculate-fee,4.36,1.82,282,89,0.6,282,0.9
427,clarity::user::private,scale-up-amounts,849.26,1.77,482,192,1.3,205,0.7
1188,clarity::user::private,find-collateral-amount-iter,8.6,1.76,769,49,0.3,49,0.2
704,clarity::user::private,get-byte,2.08,1.75,286,61,0.4,67,0.2
418,clarity::user::private,get-scaled-up-token-amounts,11.77,1.74,601,123,0.8,123,0.4
208,clarity::builtin,keccak256,1.85,1.65,2261,68,0.5,68,0.2
493,clarity::user::read-only,done,71.12,1.57,5858,20,0.1,21,0.1
344,clarity::user::private,read-uint-16,7.81,1.57,337,54,0.4,54,0.2
360,clarity::user::private,read-int-64,7.83,1.55,302,54,0.4,54,0.2
988,clarity::user::private,fold-swap-simple-multi,6272.73,1.53,290,263,1.8,287,0.9
347,clarity::user::private,recover-public-key,33.86,1.48,806,54,0.4,54,0.2
139,clarity::builtin,is-none,1.46,1.46,4349,1887,12.6,2058,6.7
41,blockstack_lib::chainstate::stacks::index::trie_sql,lock_bhh_for_extension,21.98,1.44,30000,15000,100.0,0,0.0
398,clarity::user::public,sw,58273.01,1.44,3748,212,1.4,268,0.9
1090,clarity::user::private,iter-find-superset,64.63,1.36,723,36,0.2,37,0.1
1022,clarity::user::private,iter-lookup-debt,298.19,1.34,579,79,0.5,79,0.3
392,clarity::user::private,check-is-approved-token,228.5,1.29,471,118,0.8,144,0.5
140,clarity::user::private,compute-name-price,172.81,1.25,258,251,1.7,256,0.8
176,clarity::builtin,principal-destruct?,1.23,1.2,318,302,2.0,315,1.0
173,clarity::user::private,transfer-aggregator-fees,3863.73,1.12,317,301,2.0,314,1.0
343,clarity::user::private,read-one-signature,27.86,1.08,806,54,0.4,54,0.2
288,clarity::user::private,xyk-sa,6349.86,1.07,246,196,1.3,202,0.7
851,clarity::user::private,filter-values-lte-helper-value,4.58,1.04,857,11,0.1,11,0.0
345,clarity::user::private,read-buff-32,3.04,1.0,213,54,0.4,54,0.2
1290,clarity::user::private,check-not-paused,56.68,0.99,286,285,1.9,286,0.9
998,clarity::user::private,fold-add-relative-liquidity-same-multi,1717.18,0.96,237,54,0.4,58,0.2
380,clarity::user::read-only,get-pool-exists,750.6,0.94,2965,111,0.7,137,0.4
289,clarity::user::private,is-xyk-path-reversed,4208.64,0.93,256,206,1.4,212,0.7
424,clarity::user::private,stableswap-sa,21478.4,0.93,201,160,1.1,167,0.5
117,clarity::builtin,some,0.88,0.88,5443,3016,20.1,4923,15.9
381,clarity::user::private,mul-up,7.3,0.87,415,109,0.7,135,0.4
364,clarity::user::private,read-int-32,3.87,0.86,151,54,0.4,54,0.2
499,clarity::user::read-only,find-x-step,79.11,0.84,2900,20,0.1,21,0.1
492,clarity::user::read-only,find-D-step,70.78,0.81,2900,20,0.1,21,0.1
383,clarity::user::private,get-x-given-y-internal,191.22,0.81,289,80,0.5,91,0.3
1187,clarity::user::private,route-single,136.32,0.8,320,16,0.1,16,0.1
570,clarity::builtin,get-burn-block-info?,2.0,0.8,14,13,0.1,13,0.0
143,clarity::user::private,min,2.58,0.78,311,277,1.8,284,0.9
354,clarity::user::private,read-buff-4,2.22,0.77,127,55,0.4,55,0.2
425,clarity::user::private,is-stableswap-path-reversed,5242.76,0.77,210,169,1.1,176,0.6
336,clarity::user::private,expect-contract-call-performed-by-expected-oracle-contract,1.53,0.76,125,55,0.4,55,0.2
512,clarity::vm::analysis::analysis_db::AnalysisDatabase,get_read_only_function_type,70.41,0.76,180,11,0.1,13,0.0
264,clarity::builtin,is-ok,0.76,0.76,1499,260,1.7,299,1.0
486,clarity::user::private,safe-transfer,1091.06,0.71,139,76,0.5,80,0.3
1017,clarity::builtin,bit-or,0.68,0.68,1509,128,0.9,130,0.4
1049,clarity::user::private,calc-liquidity-rate,6.26,0.68,223,100,0.7,102,0.3
366,clarity::user::private,check-merkle-proof,100.93,0.67,151,54,0.4,54,0.2
379,clarity::user::read-only,get-pool-details,1154.75,0.67,2079,111,0.7,137,0.4
283,clarity::user::read-only,get-pool,233.38,0.65,1937,181,1.2,224,0.7
1416,clarity::user::private,fold-from-all-cycles-to-cycles-unclaimed,1900.57,0.65,300,1,0.0,1,0.0
1005,clarity::user::private,uint-to-buff1,9.43,0.64,376,79,0.5,81,0.3
487,clarity::user::private,calculate-midpoint-offset,2.95,0.63,228,180,1.2,191,0.6
683,clarity::user::private,get-user-basic-reserve-data,734.67,0.63,126,14,0.1,14,0.0
417,clarity::builtin,index-of,4.82,0.62,653,85,0.6,85,0.3
367,clarity::user::private,check-proof,97.55,0.62,151,54,0.4,54,0.2
397,clarity::user::public,sr,62297.83,0.62,1347,308,2.1,402,1.3
857,clarity::user::private,fold-user-data-per-cycle,406.61,0.61,210,6,0.0,6,0.0
169,clarity::user::private,update-primary-name-recipient,166.08,0.61,243,238,1.6,243,0.8
296,clarity::vm::database::clarity_db::ClarityDatabase,delete_entry,15.07,0.6,174,153,1.0,160,0.5
855,clarity::user::private,filter-out-values-contained-in-helper-list,4.81,0.6,220,7,0.0,7,0.0
159,clarity::user::private,max,1.64,0.6,265,258,1.7,263,0.9
1273,clarity::user::private,ceil-div,0.82,0.59,104,52,0.3,52,0.2
148,clarity::user::private,has-vowels-chars,41.59,0.58,258,251,1.7,256,0.8
184,clarity::user::private,check-pool,213.22,0.57,191,127,0.8,145,0.5
333,clarity::user::private,expect-active-storage-contract,173.02,0.56,79,56,0.4,56,0.2
1154,clarity::user::private,safe-sub,2.19,0.56,192,48,0.3,48,0.2
225,clarity::user::private,check-is-oracle-updater,130.49,0.56,152,152,1.0,152,0.5
161,clarity::user::private,has-invalid-chars,108.61,0.55,254,249,1.7,254,0.8
682,clarity::user::private,aggregate-user-data,737.62,0.54,133,14,0.1,14,0.0
256,clarity::user::read-only,get-decimals,409.39,0.53,1665,129,0.9,159,0.5
295,clarity::builtin,map-delete,15.82,0.52,174,153,1.0,160,0.5
1267,clarity::user::private,cost-unbiased,46.76,0.51,208,52,0.3,52,0.2
188,clarity::user::read-only,do-get-pool,119.63,0.5,1543,293,2.0,359,1.2
1025,clarity::user::private,accrue-debt-asset,633.18,0.49,53,41,0.3,41,0.1
1272,clarity::user::private,ceil-bps,1.5,0.49,104,52,0.3,52,0.2
373,clarity::user::private,cast-decoded-price,4.1,0.48,151,54,0.4,54,0.2
1260,clarity::user::private,ensure-open,203.44,0.48,53,53,0.4,53,0.2
1388,clarity::user::private,is-authorized-vault,73.06,0.47,114,57,0.4,57,0.2
407,clarity::user::read-only,get-reserve-state,1707.44,0.47,1350,66,0.4,70,0.2
153,clarity::user::private,has-nonalpha-chars,108.56,0.47,258,251,1.7,256,0.8
443,clarity::user::private,only-ok-entry,0.73,0.47,151,54,0.4,54,0.2
515,clarity::vm::analysis::analysis_db::AnalysisDatabase,get_public_function_type,8.93,0.46,112,11,0.1,13,0.0
252,clarity::user::read-only,is-dao-or-extension,756.26,0.45,1426,125,0.8,151,0.5
368,clarity::user::private,hash-leaf,2.23,0.45,151,54,0.4,54,0.2
1268,clarity::user::private,ln-sum-exp,38.81,0.45,208,52,0.3,52,0.2
451,clarity::user::read-only,lookup,603.29,0.43,1240,135,0.9,137,0.4
254,clarity::user::read-only,fixed-to-decimals,285.2,0.43,967,120,0.8,146,0.5
359,clarity::user::private,read-and-verify-update,1569.16,0.43,213,54,0.4,54,0.2
1004,clarity::user::private,status,166.24,0.43,182,79,0.5,81,0.3
1200,clarity::user::private,mul,239.01,0.43,889,72,0.5,76,0.2
236,clarity::builtin,to-consensus-buff?,0.44,0.42,386,89,0.6,91,0.3
1088,clarity::user::private,iter-find,150.94,0.41,205,36,0.2,37,0.1
1062,clarity::user::private,receive-underlying,124.22,0.41,61,56,0.4,57,0.2
285,clarity::user::read-only,get-share-fee-to,97.69,0.41,1208,181,1.2,223,0.7
384,clarity::user::read-only,get-switch-threshold,602.23,0.41,1245,109,0.7,135,0.4
334,clarity::user::private,expect-active-decoder-contract,95.22,0.4,63,55,0.4,55,0.2
856,clarity::user::private,sum-with-helper-value,1.17,0.4,220,7,0.0,7,0.0
1226,clarity::user::private,get-b-or0,57.32,0.4,112,60,0.4,60,0.2
444,clarity::user::private,unwrapped-entry,0.58,0.39,137,53,0.4,53,0.2
1278,clarity::user::private,xfer-out,62.11,0.39,170,63,0.4,63,0.2
335,clarity::user::private,expect-active-wormhole-contract,86.81,0.38,63,55,0.4,55,0.2
1266,clarity::user::private,cost-tilde,49.41,0.38,104,52,0.3,52,0.2
390,clarity::user::read-only,is-paused,150.45,0.38,1249,113,0.8,139,0.4
514,clarity::vm::analysis::analysis_db::AnalysisDatabase,get_defined_trait,172.86,0.37,62,9,0.1,9,0.0
342,clarity::user::private,read-uint-32,1.48,0.37,62,54,0.4,54,0.2
441,clarity::user::private,write-batch-entry,208.75,0.37,151,54,0.4,54,0.2
1201,clarity::user::private,div,184.83,0.37,708,72,0.5,76,0.2
1107,clarity::user::private,safe-add,2.23,0.36,144,42,0.3,48,0.2
1231,clarity::user::private,ln-atanh,12.87,0.36,212,56,0.4,56,0.2
1269,clarity::user::private,exp-neg-fixed,19.29,0.36,208,52,0.3,52,0.2
605,clarity::user::private,get-y-given-x-internal,90.83,0.36,126,51,0.3,60,0.2
1277,clarity::user::private,get-pool-or0,37.16,0.36,108,71,0.5,71,0.2
352,clarity::user::private,get-quorum,0.39,0.35,62,54,0.4,54,0.2
1270,clarity::user::private,exp-taylor,11.05,0.35,208,52,0.3,52,0.2
785,clarity::user::private,div-up,0.41,0.34,54,26,0.2,26,0.1
1238,clarity::user::private,stake-tokens-closure,293.4,0.34,128,4,0.0,4,0.0
32,stacks_common::util::hash::Hash20,json_deserialize,0.33,0.33,16308,15000,100.0,0,0.0
1227,clarity::user::private,get-status-str,81.71,0.33,76,76,0.5,76,0.2
442,clarity::user::private,is-price-update-more-recent,19.84,0.31,151,54,0.4,54,0.2
1089,clarity::user::private,find-superset,66.95,0.31,121,36,0.2,37,0.1
577,clarity::user::read-only,get-amount-stacked-at-block-height,56896.64,0.31,743,58,0.4,58,0.2
584,clarity::user::read-only,get-zest-ststx-balance,17154.43,0.31,743,58,0.4,58,0.2
1239,clarity::user::private,set-tokens-staked,121.22,0.31,98,4,0.0,4,0.0
1048,clarity::user::private,next-liquidity-index,395.43,0.3,223,100,0.7,102,0.3
1289,clarity::user::private,quote-out,3.33,0.3,107,99,0.7,107,0.3
1020,clarity::user::read-only,lookup-debt,1181.82,0.3,897,115,0.8,115,0.4
1000,clarity::user::private,get-asset,615.77,0.3,143,81,0.5,83,0.3
590,clarity::user::read-only,get-ststxbtc-balance-in-defis,16442.9,0.29,743,58,0.4,58,0.2
1011,clarity::user::read-only,lookup-collateral,1319.37,0.29,897,115,0.8,115,0.4
589,clarity::user::read-only,get-ststx-balance-in-wallet,1704.23,0.29,743,58,0.4,58,0.2
1149,clarity::user::private,send-underlying,145.37,0.29,42,42,0.3,42,0.1
1352,clarity::user::read-only,get-defi-sbtc-balance,15557.77,0.29,755,59,0.4,59,0.2
592,clarity::user::read-only,get-ststxbtc-balance-in-wallet,1668.8,0.29,743,58,0.4,58,0.2
1117,clarity::user::private,unwrap-status,35.78,0.29,57,27,0.2,27,0.1
275,clarity::user::public,transfer,591.83,0.28,840,117,0.8,143,0.5
1348,clarity::user::read-only,get-wallet-sbtc-balance,1963.85,0.28,757,61,0.4,61,0.2
1027,clarity::user::private,vault-accrue,867.91,0.28,79,45,0.3,45,0.1
1222,clarity::user::private,get-initialized-bool,48.01,0.27,69,69,0.5,69,0.2
258,clarity::user::read-only,get-base-decimals,327.83,0.27,724,119,0.8,149,0.5
1019,clarity::user::read-only,get-collateral,375.69,0.27,827,106,0.7,106,0.3
1139,clarity::user::private,calculate-asset-notional-value,9.2,0.27,54,26,0.2,26,0.1
593,clarity::user::read-only,get-amount-stx-stacked-at-block-height,1904.33,0.27,743,58,0.4,58,0.2
1097,clarity::user::private,already-checked-in-today,9.57,0.27,113,90,0.6,113,0.4
1382,clarity::user::private,get-lock-blocks,0.31,0.27,59,59,0.4,59,0.2
585,clarity::user::read-only,get-bitflow-ststx-balance,4432.57,0.27,743,58,0.4,58,0.2
543,clarity::user::read-only,get-balance,679.0,0.26,188,50,0.3,55,0.2
581,clarity::user::read-only,get-ststx-ratio-v3,1617.24,0.26,743,58,0.4,58,0.2
503,clarity::user::read-only,get-stx-balance,236.0,0.26,785,89,0.6,90,0.3
582,clarity::user::read-only,get-ststx-balance-in-defis,32354.23,0.26,743,58,0.4,58,0.2
588,clarity::user::read-only,get-velar-ststx-amount-from-ststx-stx-pools,4566.95,0.26,743,58,0.4,58,0.2
1120,clarity::user::private,merge-price,0.59,0.26,54,26,0.2,26,0.1
707,clarity::user::private,get-reserves,336.25,0.26,177,66,0.4,72,0.2
587,clarity::user::read-only,get-velar-ststx-amount-from-ststx-aeusdc-pools,4480.98,0.25,743,58,0.4,58,0.2
504,clarity::user::read-only,get-stx-stacking,103.44,0.25,785,89,0.6,90,0.3
362,clarity::builtin,bit-shift-left,0.25,0.25,685,109,0.7,109,0.4
1264,clarity::user::private,get-qn-or0,28.1,0.24,72,52,0.3,52,0.2
579,clarity::user::read-only,get-user-liquid-stx-stacked,54636.02,0.24,743,58,0.4,58,0.2
993,clarity::user::private,protocol-fee,0.26,0.24,33,16,0.1,33,0.1
586,clarity::user::read-only,get-velar-ststx-balance,9059.21,0.24,743,58,0.4,58,0.2
628,clarity::user::private,update-claim-state,365.23,0.24,42,34,0.2,38,0.1
580,clarity::user::read-only,get-ratio-stx-ststx,2446.93,0.24,743,58,0.4,58,0.2
420,clarity::user::read-only,get-D,21786.04,0.23,601,123,0.8,123,0.4
423,clarity::user::read-only,get-current-cycle,42.28,0.23,600,122,0.8,122,0.4
1138,clarity::user::private,get-notional-evaluation,10.69,0.23,28,28,0.2,28,0.1
1263,clarity::user::private,get-qy-or0,22.58,0.23,69,52,0.3,52,0.2
583,clarity::user::read-only,get-arkadiko-ststx-balance,1688.18,0.23,743,58,0.4,58,0.2
1065,clarity::user::private,check-impl-auth,132.0,0.23,78,75,0.5,77,0.2
1026,clarity::user::private,accrue-and-cache,990.23,0.23,122,45,0.3,45,0.1
591,clarity::user::read-only,get-zest-ststxbtc-balance,16437.03,0.22,743,58,0.4,58,0.2
1271,clarity::user::private,stx->ustx,0.24,0.22,52,52,0.3,52,0.2
284,clarity::user::read-only,calc-swap,29.36,0.22,638,181,1.2,223,0.7
517,clarity::vm::analysis::analysis_db::AnalysisDatabase,insert_contract,0.65,0.22,14,11,0.1,14,0.0
1285,clarity::user::private,update-user-stats,36.07,0.22,57,57,0.4,57,0.2
1169,clarity::user::private,is-valid-string,1.03,0.22,86,31,0.2,43,0.1
1098,clarity::user::private,is-check-in-valid,8.45,0.22,113,90,0.6,113,0.4
509,clarity::builtin,map-insert,66.92,0.21,55,38,0.3,41,0.1
1261,clarity::user::private,get-paused,55.28,0.21,53,53,0.4,53,0.2
452,clarity::user::private,insert,12.74,0.21,78,75,0.5,77,0.2
1233,clarity::user::private,get-rn-or0,29.59,0.21,56,56,0.4,56,0.2
361,clarity::builtin,buff-to-int-be,0.21,0.21,453,54,0.4,54,0.2
286,clarity::user::read-only,do-get-revenue,81.87,0.2,638,181,1.2,223,0.7
1122,clarity::user::private,iter-price-multi,196.38,0.2,57,27,0.2,27,0.1
1265,clarity::user::private,calculate-cost,41.23,0.2,41,41,0.3,41,0.1
2,stacks_bench::replay,"Segment: Setup",0.2,0.2,15000,15000,100.0,0,0.0
656,clarity::user::private,set-reserve-internal,20.28,0.2,29,27,0.2,27,0.1
1232,clarity::user::private,get-ry-or0,39.19,0.2,56,56,0.4,56,0.2
1295,clarity::user::private,is-valid-username,1.14,0.2,75,75,0.5,75,0.2
395,clarity::user::public,r,62391.18,0.2,433,329,2.2,433,1.4
429,clarity::user::read-only,get-d,11624.45,0.19,482,192,1.3,205,0.7
1023,clarity::user::read-only,get-debt,259.83,0.19,579,79,0.5,79,0.3
1262,clarity::user::private,get-close-time-or0,44.12,0.19,53,53,0.4,53,0.2
1142,clarity::user::private,normalize,1.38,0.19,80,26,0.2,26,0.1
1422,clarity::user::private,track-new-voter,7.56,0.18,95,95,0.6,95,0.3
1118,clarity::user::private,get-oracle,0.29,0.18,57,27,0.2,27,0.1
207,clarity::builtin,element-at,0.18,0.18,359,7,0.0,7,0.0
1275,clarity::user::private,get-max-trade-or0,66.86,0.18,52,52,0.3,52,0.2
667,clarity::user::private,write-feed,2919.13,0.18,62,50,0.3,50,0.2
524,blockstack_lib::clarity_vm::database::marf::PersistentWritableMarfStore,insert_metadata,21.27,0.18,183,11,0.1,14,0.0
627,clarity::user::read-only,is-approved-contract,243.72,0.18,508,35,0.2,39,0.1
1131,clarity::user::private,resolve-callcode,96.95,0.17,72,27,0.2,27,0.1
1312,clarity::user::private,get-member-balance-iter,139.89,0.17,80,2,0.0,2,0.0
408,clarity::user::read-only,get-normalized-income,546.24,0.17,308,65,0.4,69,0.2
1299,clarity::user::private,is-valid-alert-type,0.84,0.17,75,75,0.5,75,0.2
374,clarity::user::private,check-confidence,30.15,0.17,50,33,0.2,33,0.1
989,clarity::user::public,swap-x-for-y-simple-range-multi,142960.87,0.17,305,276,1.8,303,1.0
1141,clarity::user::private,iter-find-collateral,0.83,0.17,63,26,0.2,26,0.1
1300,clarity::user::private,is-valid-name,0.41,0.17,75,75,0.5,75,0.2
666,clarity::user::private,mint-internal,58.53,0.16,62,24,0.2,27,0.1
1094,clarity::user::private,mask-update,1.05,0.16,51,50,0.3,51,0.2
357,clarity::user::private,parse-and-verify-prices-updates,1683.52,0.16,62,54,0.4,54,0.2
405,clarity::user::read-only,get-principal-balance,1146.32,0.16,501,68,0.5,72,0.2
1123,clarity::user::private,price-resolve,217.57,0.16,72,27,0.2,27,0.1
363,clarity::builtin,bit-shift-right,0.16,0.16,455,56,0.4,56,0.2
1111,clarity::user::private,is-ztoken,0.25,0.16,27,27,0.2,27,0.1
389,clarity::user::read-only,is-blocklisted-or-default,324.19,0.16,453,113,0.8,139,0.4
995,clarity::user::private,add-uid,8.0,0.16,50,50,0.3,50,0.2
1140,clarity::user::private,find-collateral-amount,1.53,0.16,63,26,0.2,26,0.1
1124,clarity::user::private,resolve-price-feed,85.51,0.15,72,27,0.2,27,0.1
1318,clarity::user::private,do-sell-auto,134.19,0.15,11,11,0.1,11,0.0
1119,clarity::user::private,get-asset-id,0.26,0.15,57,27,0.2,27,0.1
177,clarity::user::read-only,get-contract,747.9,0.15,317,301,2.0,314,1.0
297,clarity::user::read-only,get-contract-active,336.85,0.15,473,82,0.5,83,0.3
1346,clarity::user::read-only,is-defi-protocol-healthy,81.14,0.15,471,39,0.3,39,0.1
753,clarity::user::private,claim-staking-reward-at-cycle,403.92,0.15,47,5,0.0,5,0.0
1137,clarity::user::private,oracle-timestamp-fresh,2.37,0.15,72,27,0.2,27,0.1
1144,clarity::user::private,iter-find-debt,0.78,0.15,68,22,0.1,22,0.1
393,clarity::user::read-only,get-reserve,75.48,0.15,420,111,0.7,137,0.4
654,clarity::user::private,accrue-to-treasury,165.36,0.15,40,32,0.2,36,0.1
174,clarity::user::read-only,get-is-fee-exempt,698.15,0.14,317,301,2.0,314,1.0
982,clarity::user::public,swap-y-for-x-simple-range-multi,28891.69,0.14,296,277,1.8,295,1.0
745,clarity::user::private,get-entitled-staking-reward,264.74,0.14,49,5,0.0,5,0.0
414,clarity::user::read-only,mul-precision-with-factor,194.42,0.14,405,66,0.4,70,0.2
1082,clarity::user::private,get-egroup,697.94,0.14,73,36,0.2,37,0.1
386,clarity::user::read-only,get-oracle-resilient,1041.61,0.14,415,109,0.7,135,0.4
1216,clarity::user::private,execute-checks-write-feeds,314.76,0.14,7,6,0.0,6,0.0
999,clarity::user::private,abs-int,0.32,0.13,43,39,0.3,43,0.1
391,clarity::user::read-only,check-pool-status,275.07,0.13,415,109,0.7,135,0.4
1084,clarity::user::private,population,97.62,0.13,73,36,0.2,37,0.1
1145,clarity::user::private,is-healthy,0.65,0.13,52,26,0.2,26,0.1
387,clarity::user::read-only,get-oracle-instant,611.79,0.13,415,109,0.7,135,0.4
1356,clarity::user::read-only,get-user-sBTC-zest-v2,8620.69,0.13,345,35,0.2,35,0.1
657,clarity::user::private,update-reserve-interest-rates-and-timestamp,558.64,0.13,40,32,0.2,36,0.1
1221,clarity::user::private,only-admin,0.29,0.13,24,24,0.2,24,0.1
994,clarity::user::private,interval-passed,0.38,0.13,33,16,0.1,33,0.1
1024,clarity::user::private,accrue-user-debts,633.62,0.13,48,47,0.3,47,0.2
1274,clarity::user::private,check-trade-limit,67.79,0.13,52,52,0.3,52,0.2
1284,clarity::user::private,add-user-if-new,57.52,0.13,57,57,0.4,57,0.2
1010,clarity::user::private,get-enabled-bitmap,35.78,0.13,89,59,0.4,59,0.2
1086,clarity::user::private,active,250.59,0.13,73,36,0.2,37,0.1
1143,clarity::user::private,find-debt-scaled,1.35,0.13,54,26,0.2,26,0.1
410,clarity::user::read-only,get-rt-by-block,424.58,0.13,410,72,0.5,76,0.2
758,clarity::user::private,check-is-approved,20.23,0.13,77,5,0.0,5,0.0
1354,clarity::user::read-only,get-user-sBTC-zest,11762.55,0.12,345,35,0.2,35,0.1
1428,clarity::user::private,track-new-tipper,5.6,0.12,70,70,0.5,70,0.2
349,clarity::user::private,is-valid-guardian-set,41.81,0.12,63,55,0.4,55,0.2
415,clarity::user::read-only,mul-arbitrary,5.32,0.12,405,66,0.4,70,0.2
519,clarity::vm::database::key_value_wrapper::RollbackWrapper,insert_metadata,0.12,0.12,183,11,0.1,14,0.0
733,clarity::user::private,get-sbtc-balance,18.94,0.12,33,22,0.1,29,0.1
1136,clarity::user::private,oracle-price-legal,0.21,0.12,72,27,0.2,27,0.1
1383,clarity::user::private,get-bonus-multiplier,0.81,0.12,59,59,0.4,59,0.2
358,clarity::user::private,parse-price-info-and-proof,1576.42,0.12,62,54,0.4,54,0.2
178,clarity::user::read-only,get-provider,736.12,0.12,317,301,2.0,314,1.0
353,clarity::user::private,parse-pnau-header,20.63,0.12,63,55,0.4,55,0.2
1254,clarity::user::private,spend-energy,77.48,0.12,30,1,0.0,1,0.0
1413,clarity::user::private,track-new-user,5.73,0.12,71,71,0.5,71,0.2
406,clarity::user::read-only,calculate-cumulated-balance,2493.11,0.12,261,65,0.4,69,0.2
409,clarity::user::read-only,calculate-linear-interest,410.85,0.12,350,66,0.4,70,0.2
1009,clarity::user::private,get-position,549.09,0.12,60,59,0.4,59,0.2
1384,clarity::user::private,is-valid-lock-period,0.37,0.12,59,59,0.4,59,0.2
1303,clarity::user::private,is-valid-tier,0.25,0.11,48,48,0.3,48,0.2
355,clarity::user::private,parse-merkle-root-data-from-vaa-payload,5.3,0.11,62,54,0.4,54,0.2
1121,clarity::user::private,price-multi-resolve,197.25,0.11,29,29,0.2,29,0.1
1197,clarity::user::private,lift,68.61,0.11,30,15,0.1,15,0.0
428,clarity::user::read-only,get-x,15088.79,0.11,285,167,1.1,172,0.6
1059,clarity::user::private,calc-principal-ratio-reduction,0.23,0.11,19,19,0.1,19,0.1
1064,clarity::user::private,refresh,0.7,0.11,62,59,0.4,61,0.2
1345,clarity::builtin,sqrti,0.11,0.11,203,6,0.0,6,0.0
1355,clarity::user::read-only,get-user-sBTC-zest-v1,3138.61,0.11,345,35,0.2,35,0.1
1060,clarity::user::private,check-caller-auth,54.65,0.1,35,35,0.2,35,0.1
1306,clarity::user::private,withdraw,1759.77,0.1,8,4,0.0,4,0.0
419,clarity::user::read-only,get-y,12958.7,0.1,253,168,1.1,177,0.6
1158,clarity::user::private,call-a,686.84,0.1,16,14,0.1,16,0.1
1218,clarity::user::private,only-owner,60.18,0.1,48,47,0.3,48,0.2
412,clarity::user::read-only,get-user-index,1013.8,0.1,255,65,0.4,69,0.2
648,clarity::user::read-only,get-user-reserve-data,332.16,0.1,259,34,0.2,38,0.1
710,clarity::user::private,burn-internal,22.65,0.1,38,15,0.1,15,0.0
748,clarity::user::read-only,get-staker-at-cycle-or-default,246.2,0.1,322,9,0.1,9,0.0
909,clarity::user::private,add-pox-partial-stacked-to-ith-cycle,38.25,0.1,36,2,0.0,2,0.0
1002,clarity::user::read-only,get-status,263.82,0.09,125,79,0.5,81,0.3
496,clarity::user::read-only,c,1.34,0.09,326,20,0.1,21,0.1
997,clarity::user::private,update-primary-name-owner,36.16,0.09,29,29,0.2,29,0.1
651,clarity::user::private,update-cumulative-indexes,122.0,0.09,40,32,0.2,36,0.1
1417,clarity::user::read-only,get-staking-rewards-at-cycle,1860.27,0.09,300,1,0.0,1,0.0
382,clarity::user::read-only,get-x-given-y,354.4,0.09,289,80,0.5,91,0.3
649,clarity::user::private,cumulate-balance-internal,539.9,0.09,41,33,0.2,37,0.1
670,clarity::user::read-only,check-assets,1717.17,0.09,210,17,0.1,17,0.1
1127,clarity::user::private,normalize-pyth,0.51,0.09,40,27,0.2,27,0.1
1129,clarity::builtin,from-consensus-buff?,0.09,0.09,33,23,0.2,23,0.1
684,clarity::user::private,get-user-asset-data,406.02,0.08,17,14,0.1,14,0.0
1078,clarity::user::private,convert-to-shares-preview,159.66,0.08,42,37,0.2,38,0.1
1276,clarity::user::private,ensure-user-balance,5.96,0.08,41,41,0.3,41,0.1
1108,clarity::user::private,write-feeds,1581.0,0.08,29,29,0.2,29,0.1
1230,clarity::user::private,ln-norm-step,1.29,0.08,56,4,0.0,4,0.0
1110,clarity::user::private,accrue-collateral-asset,315.61,0.08,27,27,0.2,27,0.1
1184,clarity::user::private,no-token-id,0.09,0.08,17,13,0.1,17,0.1
629,clarity::user::private,claim-rewards-priv,299.09,0.08,6,6,0.0,6,0.0
1096,clarity::user::private,receive-tokens,100.11,0.08,24,23,0.2,24,0.1
1223,clarity::user::private,xfer-in,15.56,0.08,41,41,0.3,41,0.1
850,clarity::user::private,do-get-current-cycle,0.69,0.08,11,11,0.1,11,0.0
1282,clarity::user::private,remove-supplied-asset,50.26,0.08,32,12,0.1,12,0.0
1163,clarity::user::private,iter-find-asset,0.4,0.08,20,9,0.1,9,0.0
1173,clarity::user::private,is-valid-price,0.11,0.08,33,24,0.2,33,0.1
1077,clarity::user::private,vault-deposit,490.61,0.08,22,21,0.1,22,0.1
439,clarity::user::private,batch-read-signatures,12.12,0.07,19,1,0.0,1,0.0
484,clarity::user::read-only,shutdown-not-activated,260.02,0.07,177,90,0.6,97,0.3
1057,clarity::user::private,vault-system-repay,117.32,0.07,19,19,0.1,19,0.1
1091,clarity::user::private,resolve-or-create,10.81,0.07,40,39,0.3,40,0.1
1109,clarity::user::private,accrue-user-collateral,315.95,0.07,29,29,0.2,29,0.1
1126,clarity::user::private,call-pyth,16.27,0.07,40,27,0.2,27,0.1
992,clarity::user::private,normalize-to-wad,0.19,0.07,26,26,0.2,26,0.1
186,clarity::user::read-only,get-revenue,39.04,0.07,191,127,0.8,145,0.5
218,clarity::user::private,delegate-stx-inner,239.44,0.07,20,20,0.1,20,0.1
1125,clarity::user::private,resolve-pyth,48.23,0.07,40,27,0.2,27,0.1
1146,clarity::user::private,get-asset-value,24.53,0.07,17,17,0.1,17,0.1
1253,clarity::user::private,execute-swap,96.43,0.07,30,1,0.0,1,0.0
1186,clarity::user::private,get-token-balance,24.9,0.07,16,11,0.1,12,0.0
1166,clarity::user::private,vault-redeem,214.72,0.07,19,19,0.1,19,0.1
1003,clarity::user::read-only,get-bitmap,132.84,0.07,154,79,0.5,81,0.3
1165,clarity::user::private,send-tokens,201.22,0.07,20,20,0.1,20,0.1
312,clarity::user::read-only,is-not-migrated,69.86,0.06,166,93,0.6,94,0.3
650,clarity::user::read-only,is-lending-pool,70.61,0.06,175,34,0.2,38,0.1
1283,clarity::user::private,set-user-reserve-as-collateral-internal,35.59,0.06,22,18,0.1,18,0.1
1113,clarity::user::private,user-safe-mask,0.72,0.06,29,29,0.2,29,0.1
1176,clarity::user::private,is-valid-recipient,0.09,0.06,11,11,0.1,11,0.0
294,clarity::user::read-only,get-saved-rewards,149.3,0.06,166,60,0.4,60,0.2
1112,clarity::user::private,get-assets,371.7,0.06,51,47,0.3,47,0.2
1128,clarity::user::private,resolve-dia,36.24,0.06,32,22,0.1,22,0.1
1095,clarity::user::private,add-user-collateral,25.54,0.06,24,23,0.2,24,0.1
1157,clarity::user::read-only,is-owner,57.74,0.06,179,92,0.6,179,0.6
1185,clarity::user::private,calculate-dynamic-fee,60.0,0.06,27,9,0.1,13,0.0
754,clarity::user::private,decimals-to-fixed,4.33,0.06,8,5,0.0,6,0.0
1130,clarity::user::private,call-dia,35.5,0.06,32,22,0.1,22,0.1
1183,clarity::user::private,yes-token-id,0.07,0.06,17,13,0.1,17,0.1
1114,clarity::user::private,get-status-multi,82.18,0.06,29,29,0.2,29,0.1
830,clarity::user::private,interest-util-less-than-kink,17.0,0.06,6,6,0.0,6,0.0
1115,clarity::user::private,uint-to-list-u64,33.68,0.06,29,29,0.2,29,0.1
1174,clarity::user::private,is-valid-duration,0.24,0.06,33,24,0.2,33,0.1
1198,clarity::user::private,lower,17.73,0.06,15,15,0.1,15,0.0
1236,clarity::user::private,set-balance,12.59,0.06,8,5,0.0,5,0.0
1279,clarity::user::private,mint-no,18.22,0.05,20,20,0.1,20,0.1
1164,clarity::user::private,remove-user-collateral,6.89,0.05,21,21,0.1,21,0.1
501,clarity::user::read-only,g_,2.72,0.05,182,20,0.1,21,0.1
1255,clarity::user::private,burn-and-reward-action,40.41,0.05,30,1,0.0,1,0.0
1323,clarity::user::private,velar-sa,274.38,0.05,11,11,0.1,11,0.0
1058,clarity::user::public,accrue,733.63,0.05,144,97,0.6,99,0.3
500,clarity::user::read-only,find-x-next,9.81,0.05,182,20,0.1,21,0.1
813,clarity::user::private,get-time-now,0.54,0.05,12,12,0.1,12,0.0
1172,clarity::user::private,increment-listing-id,5.29,0.05,33,24,0.2,33,0.1
1288,clarity::user::private,mint-yes,23.42,0.05,17,17,0.1,17,0.1
518,clarity::vm::database::key_value_wrapper::RollbackWrapper,has_metadata_entry,5.93,0.05,197,11,0.1,14,0.0
1134,clarity::user::private,resolve-ztoken,2.18,0.05,23,23,0.2,23,0.1
1161,clarity::user::private,find-and-resolve-asset-value,0.92,0.05,9,9,0.1,9,0.0
604,clarity::user::read-only,get-y-given-x,161.62,0.05,126,51,0.3,60,0.2
217,clarity::user::read-only,burn-height-to-reward-cycle,63.95,0.05,111,47,0.3,49,0.2
853,clarity::user::private,filter-out-values-eq-to-helper-value,0.12,0.05,15,3,0.0,3,0.0
1001,clarity::user::read-only,get-reverse,161.87,0.05,125,79,0.5,81,0.3
1063,clarity::user::private,remove-user-scaled-debt,3.25,0.05,18,18,0.1,18,0.1
1171,clarity::user::private,set-user-data,0.82,0.05,10,10,0.1,10,0.0
706,clarity::user::read-only,get-swap-quote,297.19,0.04,118,60,0.4,66,0.2
746,clarity::user::read-only,get-staking-stats-at-cycle-or-default,215.59,0.04,147,9,0.1,9,0.0
1319,clarity::user::private,minu,0.13,0.04,22,11,0.1,11,0.0
565,clarity::user::private,xyk-swap-a,230.78,0.04,10,10,0.1,10,0.0
900,clarity::user::private,is-approved-caller,21.66,0.04,24,12,0.1,12,0.0
1076,clarity::user::read-only,get-lp-balance,47.04,0.04,127,112,0.7,127,0.4
1147,clarity::user::private,is-healthy-with-mask,93.75,0.04,17,17,0.1,17,0.1
1297,clarity::user::read-only,get-max-alerts-for-tier,0.76,0.04,75,75,0.5,75,0.2
1054,clarity::user::private,get-account-scaled-debt,15.19,0.04,19,19,0.1,19,0.1
1162,clarity::user::private,find-asset,0.55,0.04,9,9,0.1,9,0.0
747,clarity::user::read-only,get-staking-stats-at-cycle,214.46,0.04,147,9,0.1,9,0.0
1148,clarity::user::private,vault-system-borrow,139.25,0.04,16,16,0.1,16,0.1
440,clarity::user::private,batch-recover-public-keys,0.74,0.04,13,1,0.0,1,0.0
720,clarity::user::private,trnsfr,26.59,0.04,11,11,0.1,11,0.0
216,clarity::user::read-only,current-pox-reward-cycle,114.46,0.04,101,47,0.3,49,0.2
300,clarity::user::read-only,get-cumm-reward,3.68,0.04,94,59,0.4,59,0.2
1150,clarity::user::private,convert-to-scaled-debt,1.35,0.04,16,16,0.1,16,0.1
1175,clarity::user::private,is-contract-not-paused,16.99,0.04,11,11,0.1,11,0.0
214,clarity::user::private,update-price-token-iter,1.1,0.04,8,4,0.0,4,0.0
936,clarity::user::private,stableswap-swap-a,878.63,0.04,9,9,0.1,9,0.0
643,clarity::user::read-only,get-reserve-vault,106.53,0.04,102,34,0.2,38,0.1
1159,clarity::user::private,call-b,187.11,0.04,5,5,0.0,5,0.0
485,clarity::user::read-only,get-contract-can-burn-by-qualified-name,56.4,0.04,93,51,0.3,55,0.2
596,clarity::user::private,swap-sa,269.16,0.04,7,7,0.0,7,0.0
1432,clarity::user::private,newton-step,0.31,0.04,21,3,0.0,3,0.0
293,clarity::user::read-only,get-pending-rewards,616.69,0.04,103,60,0.4,60,0.2
1135,clarity::user::read-only,oracle-last-update,24.18,0.04,72,27,0.2,27,0.1
1151,clarity::user::private,add-user-scaled-debt,8.1,0.04,16,16,0.1,16,0.1
298,clarity::user::public,add-holder,178.53,0.04,94,59,0.4,59,0.2
960,clarity::builtin,secp256k1-verify,2.36,0.04,1,1,0.0,1,0.0
1411,clarity::user::read-only,get-user-clicks,45.9,0.04,71,71,0.5,71,0.2
716,clarity::user::read-only,is-univ2,1.03,0.03,105,70,0.5,71,0.2
737,clarity::user::read-only,get-reward-cycle,41.76,0.03,105,9,0.1,9,0.0
1296,clarity::user::read-only,get-user-alert-count,72.41,0.03,75,75,0.5,75,0.2
1381,clarity::user::private,calculate-rate,0.16,0.03,15,11,0.1,12,0.0
1398,clarity::user::private,not-eq-bumped-sbtc,0.05,0.03,6,5,0.0,5,0.0
1408,clarity::user::private,determine-result,0.29,0.03,14,14,0.1,14,0.0
782,clarity::user::public,swap-b-to-a,349.02,0.03,86,41,0.3,43,0.1
1421,clarity::user::read-only,get-user-vote-count,60.82,0.03,95,95,0.6,95,0.3
1426,clarity::user::read-only,get-user-tips-received,6.31,0.03,70,70,0.5,70,0.2
191,clarity::user::private,send-stx,3.25,0.03,4,2,0.0,2,0.0
299,clarity::user::read-only,get-holders-address-to-index,138.51,0.03,94,59,0.4,59,0.2
814,clarity::user::private,decay-bucket-amount,14.61,0.03,8,8,0.1,8,0.0
838,clarity::user::private,decode-pyth,9.86,0.03,9,5,0.0,5,0.0
840,clarity::user::private,convert-res,0.24,0.03,9,5,0.0,5,0.0
655,clarity::user::read-only,get-reserve-factor,86.52,0.03,78,32,0.2,36,0.1
717,clarity::user::read-only,is-univ2v2,0.6,0.03,84,69,0.5,70,0.2
548,clarity::user::private,get-owner,43.27,0.03,8,8,0.1,8,0.0
632,clarity::user::private,set-reward-program-income,10.11,0.03,6,6,0.0,6,0.0
738,clarity::user::read-only,get-activation-block-or-default,19.9,0.03,109,9,0.1,9,0.0
1308,clarity::user::read-only,get-user-id,25.33,0.03,54,5,0.0,5,0.0
227,clarity::user::private,fold-swap-multi,74.07,0.03,5,3,0.0,3,0.0
523,clarity::vm::database::clarity_db::ClarityDatabase,set_contract_data_size,0.45,0.03,14,11,0.1,14,0.0
546,clarity::user::private,mint-many-iter,5.49,0.03,2,2,0.0,2,0.0
644,clarity::user::read-only,get-user-assets,57.77,0.03,81,29,0.2,33,0.1
854,clarity::user::private,transfer-lp-token,19.91,0.03,10,10,0.1,10,0.0
1179,clarity::user::private,is-valid-reason,0.13,0.03,11,11,0.1,11,0.0
647,clarity::user::read-only,count-collateral-enabled,61.8,0.03,69,18,0.1,21,0.1
1178,clarity::user::private,is-valid-escrow-id,0.04,0.03,11,11,0.1,11,0.0
1326,clarity::user::private,handle-renewal-in-grace-period,1.81,0.03,2,2,0.0,2,0.0
257,clarity::user::public,mint,115.58,0.03,87,8,0.1,8,0.0
638,clarity::user::private,get-user-program-index-eval,12.74,0.03,6,6,0.0,6,0.0
619,clarity::user::private,execute-update,0.6,0.03,5,2,0.0,2,0.0
760,clarity::user::public,edg-mint,97.09,0.03,85,6,0.0,6,0.0
1100,clarity::user::private,register-new-name,6.25,0.03,1,1,0.0,1,0.0
1195,clarity::user::private,debit-sbtc,4.87,0.03,11,6,0.0,7,0.0
1298,clarity::user::read-only,get-user-alert-type-count,57.18,0.03,75,75,0.5,75,0.2
1399,clarity::user::read-only,calculate-rewards,10.26,0.03,48,48,0.3,48,0.2
215,clarity::user::read-only,check-caller-allowed,9.28,0.03,76,29,0.2,31,0.1
337,clarity::user::read-only,parse-vaa,108.89,0.03,63,55,0.4,55,0.2
718,clarity::user::public,swap-univ2v2,1354.8,0.03,70,66,0.4,67,0.2
783,clarity::user::private,swap-ststx-ststxbtc,236.74,0.03,5,5,0.0,5,0.0
1083,clarity::user::read-only,find,501.04,0.03,73,36,0.2,37,0.1
1168,clarity::user::private,validate-bio,0.23,0.03,10,10,0.1,10,0.0
1177,clarity::user::private,is-valid-seller,0.09,0.03,11,11,0.1,11,0.0
1235,clarity::user::private,stake-tokens-at-cycle,349.29,0.03,4,4,0.0,4,0.0
1252,clarity::user::private,handle-success,0.06,0.03,3,1,0.0,1,0.0
219,clarity::user::read-only,get-check-delegation,56.33,0.02,59,29,0.2,31,0.1
495,clarity::user::read-only,g,2.23,0.02,72,20,0.1,21,0.1
549,clarity::user::private,get-royalty,26.12,0.02,4,4,0.0,4,0.0
713,clarity::user::read-only,get-contract-can-mint-by-qualified-name,40.9,0.02,66,44,0.3,46,0.1
1425,clarity::user::read-only,get-user-tips-sent,54.25,0.02,70,70,0.5,70,0.2
640,clarity::user::private,set-user-program-index,4.93,0.02,6,6,0.0,6,0.0
812,clarity::user::private,sync-collateral-bucket,70.69,0.02,7,7,0.0,7,0.0
962,clarity::user::private,safe-transfer!,16.78,0.02,3,2,0.0,2,0.0
600,clarity::user::public,save-pending-rewards,353.34,0.02,63,40,0.3,40,0.1
626,clarity::user::read-only,is-rewards-contract,159.87,0.02,42,34,0.2,38,0.1
708,clarity::user::read-only,get-reserves-quote,79.23,0.02,53,23,0.2,24,0.1
1008,clarity::user::read-only,get-cached-indexes,4.26,0.02,74,44,0.3,44,0.1
1069,clarity::builtin,principal-construct?,0.02,0.02,8,8,0.1,8,0.0
1170,clarity::user::private,validate-email,0.19,0.02,10,10,0.1,10,0.0
1180,clarity::user::private,velar-sb,210.65,0.02,5,5,0.0,5,0.0
1220,clarity::user::private,add-supplied-asset,8.6,0.02,7,7,0.0,7,0.0
1292,clarity::user::private,get-owner-entry,5.58,0.02,4,3,0.0,4,0.0
210,clarity::user::private,check-unique-signatures-iter,15.36,0.02,12,4,0.0,4,0.0
521,clarity::vm::database::key_value_wrapper::RollbackWrapper,prepare_for_contract_metadata,0.02,0.02,14,11,0.1,14,0.0
653,clarity::user::read-only,taylor-6,25.47,0.02,60,39,0.3,43,0.1
1335,clarity::user::private,min-uint,0.06,0.02,8,7,0.0,8,0.0
1353,clarity::user::read-only,get-user-sBTC-bitflow,2691.55,0.02,59,9,0.1,9,0.0
494,clarity::user::read-only,find-D-next,5.53,0.02,72,20,0.1,21,0.1
820,clarity::user::private,refill-bucket-amount,6.4,0.02,4,4,0.0,4,0.0
1301,clarity::user::read-only,get-subscription-price,0.44,0.02,48,48,0.3,48,0.2
1302,clarity::user::read-only,get-tier-revenue,5.13,0.02,48,48,0.3,48,0.2
1410,clarity::user::private,burn-no-all,5.7,0.02,7,7,0.0,7,0.0
291,clarity::user::public,claim-pending-rewards-iter,530.4,0.02,40,20,0.1,20,0.1
841,clarity::user::private,abs,0.07,0.02,9,5,0.0,5,0.0
1104,clarity::user::private,check-utxo-increment,14.46,0.02,4,4,0.0,4,0.0
1307,clarity::user::public,claim-staking-reward,578.21,0.02,47,5,0.0,5,0.0
1330,clarity::user::private,assert-lock-input,2.75,0.02,1,1,0.0,1,0.0
594,clarity::user::private,is-owner-or-keeper,3.31,0.02,7,7,0.0,7,0.0
1322,clarity::builtin,replace-at?,0.03,0.02,4,1,0.0,1,0.0
1359,clarity::user::read-only,get-user-sBTC-granite-usdcx,138.37,0.02,44,11,0.1,11,0.0
1427,clarity::user::read-only,get-user-tip-count,24.5,0.02,70,70,0.5,70,0.2
630,clarity::user::private,update-cumulative-index,75.33,0.02,6,6,0.0,6,0.0
702,clarity::user::public,swap-x-for-y,694.38,0.02,34,23,0.2,23,0.1
768,clarity::user::read-only,filter-asset,1.04,0.02,59,13,0.1,13,0.0
824,clarity::user::private,staked-percentage-calc,0.09,0.02,6,6,0.0,6,0.0
996,clarity::user::read-only,get-bns-from-id,43.35,0.02,38,34,0.2,34,0.1
1081,clarity::user::public,collateral-add,704.51,0.02,22,21,0.1,22,0.1
1092,clarity::user::private,create,5.22,0.02,9,9,0.1,9,0.0
1209,clarity::user::read-only,get-role,34.46,0.02,42,10,0.1,10,0.0
1224,clarity::user::private,ustx->stx,0.02,0.02,4,4,0.0,4,0.0
1225,clarity::user::private,init-b,0.34,0.02,4,4,0.0,4,0.0
1234,clarity::user::private,get-or-create-user-id,11.79,0.02,4,4,0.0,4,0.0
1358,clarity::user::read-only,get-user-sBTC-granite-v1,171.97,0.02,44,11,0.1,11,0.0
1380,clarity::user::private,calculate-roi,0.08,0.02,6,6,0.0,6,0.0
203,clarity::user::read-only,uint256-to-buff-be,27.43,0.01,48,4,0.0,4,0.0
301,clarity::user::read-only,get-holder-position,2.51,0.01,31,26,0.2,26,0.1
525,blockstack_lib::clarity_vm::database::marf::PersistentWritableMarfStore,get_open_chain_tip,0.01,0.01,183,11,0.1,14,0.0
658,clarity::user::public,get-reserve-available-liquidity,83.64,0.01,40,32,0.2,36,0.1
680,clarity::user::read-only,get-user-e-mode,92.68,0.01,42,23,0.2,23,0.1
749,clarity::user::read-only,get-coinbase-amount-or-default,65.65,0.01,49,5,0.0,5,0.0
839,clarity::user::private,is-valid,9.04,0.01,9,5,0.0,5,0.0
956,clarity::user::private,assert-unlock-input,1.07,0.01,1,1,0.0,1,0.0
1055,clarity::user::read-only,resolve,8.9,0.01,57,38,0.3,38,0.1
1409,clarity::user::private,redeem-no,25.96,0.01,7,7,0.0,7,0.0
292,clarity::user::public,claim-pending-rewards,529.86,0.01,40,20,0.1,20,0.1
498,clarity::user::read-only,find-x-guess,0.14,0.01,29,20,0.1,21,0.1
505,clarity::user::read-only,get-stx-per-ststx-helper,24.12,0.01,34,24,0.2,25,0.1
659,clarity::user::read-only,calculate-interest-rates,404.54,0.01,40,32,0.2,36,0.1
675,clarity::user::read-only,convert-to-fixed-8,0.57,0.01,32,14,0.1,14,0.0
1132,clarity::user::private,resolve-ststx,93.58,0.01,8,7,0.0,7,0.0
1228,clarity::user::private,get-bias-locked,0.31,0.01,4,4,0.0,4,0.0
1309,clarity::user::read-only,get-apower-multiplier-in-fixed-or-default,10.95,0.01,46,4,0.0,4,0.0
1357,clarity::user::read-only,get-user-sBTC-granite,310.81,0.01,44,11,0.1,11,0.0
1387,clarity::user::private,not-eq-bumped-stx,0.02,0.01,3,2,0.0,2,0.0
1438,clarity::user::private,assert-can-deposit,0.99,0.01,2,2,0.0,2,0.0
490,clarity::user::read-only,find-D,74.08,0.01,29,20,0.1,21,0.1
532,clarity::user::private,is-sender-owner,9.88,0.01,5,5,0.0,5,0.0
563,clarity::user::read-only,get-pool-id,45.43,0.01,28,17,0.1,17,0.1
642,clarity::user::read-only,emergency-shutdown,125.46,0.01,42,34,0.2,38,0.1
652,clarity::user::read-only,calculate-compounded-interest,55.54,0.01,54,33,0.2,37,0.1
819,clarity::user::private,sync-debt-bucket,26.81,0.01,5,5,0.0,5,0.0
852,clarity::user::private,fold-cycles-to-unstakeable-cycles,5.98,0.01,3,3,0.0,3,0.0
1093,clarity::user::private,increment,5.06,0.01,9,9,0.1,9,0.0
1373,clarity::user::read-only,get-cycle-totals,14.98,0.01,36,22,0.1,22,0.1
1412,clarity::user::read-only,get-user-streak,31.16,0.01,48,48,0.3,48,0.2
1434,clarity::user::private,le-cube?,0.06,0.01,6,3,0.0,3,0.0
212,clarity::user::private,update-price-multi-helper,11.3,0.01,4,4,0.0,4,0.0
272,clarity::user::public,burn,43.56,0.01,39,5,0.0,5,0.0
508,clarity::user::read-only,check-max-swap-size,0.43,0.01,29,20,0.1,21,0.1
645,clarity::user::read-only,split-isolated,75.66,0.01,35,18,0.1,21,0.1
661,clarity::user::read-only,div-precision-to-fixed,12.4,0.01,36,30,0.2,34,0.1
664,clarity::user::read-only,get-variable-rate-slope-1,84.23,0.01,40,32,0.2,36,0.1
665,clarity::user::read-only,get-base-supply-rate,89.34,0.01,40,32,0.2,36,0.1
687,clarity::user::read-only,get-e-mode-config,146.82,0.01,36,17,0.1,17,0.1
688,clarity::user::read-only,get-asset-e-mode-type,48.31,0.01,36,17,0.1,17,0.1
799,clarity::user::read-only,from-is-token0,0.17,0.01,42,12,0.1,12,0.0
825,clarity::user::private,calculate-reward-percentage,0.04,0.01,6,6,0.0,6,0.0
846,clarity::user::private,iterate-collateral-value,17.38,0.01,4,4,0.0,4,0.0
847,clarity::user::private,get-collateral-value,9.08,0.01,4,4,0.0,4,0.0
1206,clarity::user::private,credit-sbtc,1.6,0.01,3,3,0.0,3,0.0
1247,clarity::user::private,is-supported-engine,4.04,0.01,3,1,0.0,1,0.0
1437,clarity::user::read-only,check-is-owner,7.77,0.01,3,3,0.0,3,0.0
662,clarity::user::read-only,to-fixed,6.09,0.01,37,30,0.2,34,0.1
668,clarity::user::read-only,validate-assets,1765.93,0.01,22,18,0.1,18,0.1
700,clarity::user::public,swap-helper,542.28,0.01,23,11,0.1,11,0.0
705,clarity::user::public,swap-a-to-b,131.28,0.01,28,21,0.1,24,0.1
829,clarity::user::private,ir-calc,22.34,0.01,6,6,0.0,6,0.0
836,clarity::user::private,check-collateral-price-exists,20.54,0.01,4,4,0.0,4,0.0
899,clarity::user::private,swap-pepe-to-sbtc,140.06,0.01,5,5,0.0,5,0.0
1214,clarity::user::read-only,check-is-external,26.48,0.01,13,6,0.0,6,0.0
1244,clarity::user::private,calculate-trapezoid-areas-39,1.37,0.01,3,1,0.0,1,0.0
1250,clarity::user::private,get-energy-balance,7.95,0.01,3,1,0.0,1,0.0
1305,clarity::user::read-only,can-emergency-withdraw,45.78,0.01,24,24,0.2,24,0.1
1374,clarity::user::read-only,get-sbtc-depositors,12.6,0.01,18,16,0.1,16,0.1
1424,clarity::user::private,burn-yes-all,3.78,0.01,4,4,0.0,4,0.0
1447,clarity::user::private,is-authorized,1.27,0.01,2,1,0.0,2,0.0
520,clarity::vm::database::clarity_db::ClarityDatabase,has_contract,0.48,0.01,14,11,0.1,14,0.0
556,clarity::user::read-only,reward-cycle-to-burn-height,18.7,0.01,27,21,0.1,21,0.1
660,clarity::user::read-only,get-optimal-utilization-rate,69.76,0.01,40,32,0.2,36,0.1
678,clarity::user::read-only,mul-to-fixed-precision,7.08,0.01,29,14,0.1,14,0.0
908,clarity::user::private,add-pox-partial-stacked,38.35,0.01,3,2,0.0,2,0.0
973,clarity::user::private,set-vault-rewards,3.92,0.01,3,3,0.0,3,0.0
991,clarity::user::read-only,is-approved-for-all,34.24,0.01,26,26,0.2,26,0.1
1242,clarity::user::private,calculate-balance-integral,425.6,0.01,3,1,0.0,1,0.0
1251,clarity::user::private,is-verified,4.83,0.01,3,1,0.0,1,0.0
1291,clarity::user::private,add-dataset-to-owner,6.07,0.01,4,3,0.0,4,0.0
1332,clarity::user::private,create-lock,2.95,0.01,1,1,0.0,1,0.0
1423,clarity::user::private,redeem-yes,14.8,0.01,4,4,0.0,4,0.0
491,clarity::user::read-only,find-D-guess,0.27,0.01,29,20,0.1,21,0.1
506,clarity::user::read-only,div-ratio,0.19,0.01,28,5,0.0,6,0.0
564,clarity::user::read-only,get-amount-out,0.47,0.01,22,17,0.1,17,0.1
646,clarity::user::read-only,is-isolated-type,74.92,0.01,35,18,0.1,21,0.1
663,clarity::user::read-only,get-base-variable-borrow-rate,64.45,0.01,40,32,0.2,36,0.1
701,clarity::user::public,swap-y-for-x,532.51,0.01,22,21,0.1,21,0.1
757,clarity::user::public,edg-burn,43.33,0.01,39,5,0.0,5,0.0
834,clarity::user::private,is-allowed-contract-or-governance,1.5,0.01,6,6,0.0,6,0.0
957,clarity::user::private,assert-principal,0.02,0.01,2,2,0.0,2,0.0
963,clarity::user::private,mint!,2.76,0.01,1,1,0.0,1,0.0
1061,clarity::user::read-only,is-authorized-contract,54.46,0.01,35,35,0.2,35,0.1
1229,clarity::user::private,ln-general,1.91,0.01,4,4,0.0,4,0.0
1246,clarity::user::private,apply-energetic-welsh,46.7,0.01,3,1,0.0,1,0.0
1372,clarity::user::read-only,get-sbtc-deposit,11.62,0.01,20,16,0.1,16,0.1
263,clarity::user::private,check-err,0.03,0.01,4,2,0.0,2,0.0
304,clarity::user::read-only,get-protocol,14.7,0.01,23,9,0.1,9,0.0
822,clarity::user::private,accrue-interest,120.95,0.01,6,6,0.0,6,0.0
843,clarity::user::private,can-borrow-without-reserve,12.4,0.01,4,4,0.0,4,0.0
1160,clarity::user::public,collateral-remove,1402.09,0.01,21,21,0.1,21,0.1
1243,clarity::user::private,calculate-balance-integral-39,413.48,0.01,3,1,0.0,1,0.0
1245,clarity::user::private,modify-energize,80.7,0.01,3,1,0.0,1,0.0
1248,clarity::user::private,apply-max-capacity,29.25,0.01,3,1,0.0,1,0.0
1304,clarity::user::read-only,calculate-voting-power,13.55,0.01,24,24,0.2,24,0.1
1338,clarity::user::private,get-token-given-position-internal,0.11,0.01,2,2,0.0,2,0.0
1363,clarity::user::private,calculate-user-sbtc-equivalent-balance-in-based-dollar,15.48,0.01,3,2,0.0,2,0.0
1392,clarity::user::private,execute-settlement,37.59,0.01,2,2,0.0,2,0.0
1396,clarity::user::private,distribute-to-sbtc-depositor,6.73,0.01,4,2,0.0,2,0.0
507,clarity::user::read-only,mult-ratio,0.16,0.01,28,5,0.0,6,0.0
608,clarity::user::read-only,is-protocol-caller,2.35,0.01,15,15,0.1,15,0.0
631,clarity::user::read-only,get-reward-program-income,39.84,0.01,18,6,0.0,6,0.0
685,clarity::user::public,get-user-balance-reserve-data,195.44,0.01,17,14,0.1,14,0.0
689,clarity::user::read-only,calculate-health-factor-from-balances,2.74,0.01,14,12,0.1,12,0.0
777,clarity::user::public,calculate-user-global-data,785.14,0.01,14,14,0.1,14,0.0
901,clarity::user::private,swap-sbtc-to-stx-velar,67.77,0.01,5,5,0.0,5,0.0
959,clarity::user::private,create-unlock,3.84,0.01,1,1,0.0,1,0.0
961,clarity::user::private,assert-token-type,0.04,0.01,2,2,0.0,2,0.0
1210,clarity::user::read-only,get-protocol-enabled,6.44,0.01,23,9,0.1,9,0.0
1211,clarity::user::read-only,get-max-slippage,12.29,0.01,18,8,0.1,8,0.0
1320,clarity::user::private,cpmm-shares,0.07,0.01,1,1,0.0,1,0.0
1334,clarity::user::private,burn!,0.38,0.01,1,1,0.0,1,0.0
1375,clarity::user::read-only,get-cycle-phase,7.6,0.01,22,22,0.1,22,0.1
1391,clarity::user::private,filter-small-sbtc-depositor,3.35,0.01,4,2,0.0,2,0.0
1397,clarity::user::private,advance-cycle,0.32,0.01,2,2,0.0,2,0.0
1436,clarity::user::private,assert-token,1.96,0.01,3,3,0.0,3,0.0
1442,clarity::user::private,not-eq-bumped-usdcx,0.01,0.01,1,1,0.0,1,0.0
282,clarity::user::private,velar-a,26.4,0.01,1,1,0.0,1,0.0
303,clarity::user::read-only,check-is-protocol,13.04,0.01,20,7,0.0,7,0.0
310,clarity::user::read-only,check-is-asset,28.0,0.01,17,7,0.0,7,0.0
325,clarity::user::read-only,get-minting-contract,25.91,0.01,11,8,0.1,8,0.0
432,clarity::user::private,CONTEXT,71.87,0.01,1,1,0.0,1,0.0
433,clarity::user::private,call-get-decimals,10.37,0.01,2,1,0.0,1,0.0
436,clarity::user::read-only,read-buff-1,0.59,0.01,20,1,0.0,1,0.0
497,clarity::user::read-only,find-x,82.19,0.01,29,20,0.1,21,0.1
502,clarity::user::public,get-ratio,67.81,0.01,14,5,0.0,6,0.0
554,clarity::user::private,lock-delegated-stx,85.77,0.01,3,3,0.0,3,0.0
562,clarity::user::read-only,swap-args,164.13,0.01,22,17,0.1,17,0.1
599,clarity::user::read-only,get-stx-idle,10.02,0.01,16,16,0.1,16,0.1
676,clarity::user::private,convert-stx-to-ststx,51.87,0.01,3,2,0.0,2,0.0
686,clarity::user::read-only,get-compounded-borrow-balance,42.55,0.01,18,15,0.1,15,0.0
734,clarity::user::private,mint-many,16.54,0.01,2,2,0.0,2,0.0
798,clarity::user::read-only,id,0.09,0.01,21,12,0.1,12,0.0
802,clarity::user::private,increment-last-withdrawal-request-id,4.23,0.01,3,3,0.0,3,0.0
817,clarity::user::read-only,is-allowed-contract,4.82,0.01,24,12,0.1,12,0.0
828,clarity::user::read-only,utilization-calc,0.09,0.01,6,6,0.0,6,0.0
874,clarity::user::private,get-iterator,0.07,0.01,1,1,0.0,1,0.0
875,clarity::user::private,mint-runes-fold,7.84,0.01,1,1,0.0,1,0.0
902,clarity::user::private,swap-stx-to-pepe,37.28,0.01,3,3,0.0,3,0.0
1070,clarity::user::read-only,get-valid-remote-token,0.08,0.01,8,8,0.1,8,0.0
1075,clarity::user::read-only,validate-protocol-caller,4.83,0.01,10,10,0.1,10,0.0
1237,clarity::user::read-only,get-token-owned,11.61,0.01,9,5,0.0,5,0.0
1321,clarity::user::private,cpmm-cost,0.05,0.01,1,1,0.0,1,0.0
1376,clarity::user::read-only,get-stx-deposit,5.13,0.01,9,9,0.1,9,0.0
1433,clarity::user::private,refine,0.11,0.01,3,3,0.0,3,0.0
201,clarity::user::read-only,get-signable-message-hash,27.68,0.01,12,4,0.0,4,0.0
211,clarity::user::read-only,is-signature-used,14.42,0.01,12,4,0.0,4,0.0
290,clarity::user::read-only,get-price,27.98,0.01,12,6,0.0,6,0.0
324,clarity::user::read-only,get-minting-enabled,19.43,0.01,11,8,0.1,8,0.0
561,clarity::user::private,velar-swap-a,15.97,0.01,1,1,0.0,1,0.0
726,clarity::user::private,update-pending-fees,0.21,0.01,2,2,0.0,2,0.0
727,clarity::user::private,update-pending-rf,0.18,0.01,2,2,0.0,2,0.0
797,clarity::user::public,swap-univ2,268.51,0.01,21,12,0.1,12,0.0
827,clarity::user::read-only,get-ir,30.3,0.01,6,6,0.0,6,0.0
835,clarity::user::read-only,divide-round-up,0.2,0.01,16,6,0.0,6,0.0
1067,clarity::user::read-only,parse-deposit-intent,1.25,0.01,8,8,0.1,8,0.0
1181,clarity::user::public,do-swap,183.71,0.01,10,5,0.0,5,0.0
1208,clarity::user::read-only,get-trader,15.29,0.01,16,7,0.0,7,0.0
1328,clarity::user::private,check-is-self,0.01,0.01,2,2,0.0,2,0.0
1361,clarity::user::read-only,get-user-sBTC-velar,81.35,0.01,7,5,0.0,5,0.0
1435,clarity::user::private,assert-can-withdraw,0.95,0.01,1,1,0.0,1,0.0
193,clarity::user::read-only,calc-epoch,0.07,0.0,7,4,0.0,4,0.0
198,clarity::user::read-only,check-price-signer,36.4,0.0,12,4,0.0,4,0.0
199,clarity::user::read-only,pubkey-price-signer,28.09,0.0,12,4,0.0,4,0.0
209,clarity::user::read-only,is-trusted-oracle,8.1,0.0,12,4,0.0,4,0.0
279,clarity::user::private,xyk-a,37.42,0.0,1,1,0.0,1,0.0
465,clarity::user::read-only,divide,0.23,0.0,11,6,0.0,6,0.0
559,clarity::user::private,maybe-extend-for-next-cycle,24.18,0.0,1,1,0.0,1,0.0
572,clarity::user::read-only,get-request-or-fail,20.78,0.0,5,5,0.0,5,0.0
598,clarity::user::read-only,get-idle-cycle,144.22,0.0,16,16,0.1,16,0.1
612,clarity::user::read-only,get-total-assets,3.68,0.0,15,3,0.0,3,0.0
620,clarity::user::private,update-total-assets,0.18,0.0,2,2,0.0,2,0.0
634,clarity::user::read-only,get-precision,32.38,0.0,18,6,0.0,6,0.0
679,clarity::user::read-only,is-in-e-mode,21.41,0.0,6,6,0.0,6,0.0
690,clarity::user::read-only,get-health-factor-liquidation-threshold,20.3,0.0,14,12,0.1,12,0.0
732,clarity::user::private,update-last-log-ts,0.1,0.0,1,1,0.0,1,0.0
765,clarity::user::private,update-reserve-state-on-repay,2.27,0.0,1,1,0.0,1,0.0
766,clarity::user::private,update-user-state-on-repay,3.63,0.0,1,1,0.0,1,0.0
769,clarity::user::private,reduce-isolated-mode-debt,14.79,0.0,1,1,0.0,1,0.0
832,clarity::user::read-only,calc-total-interest,8.59,0.0,6,6,0.0,6,0.0
1056,clarity::user::read-only,debt-scaled,1.62,0.0,19,19,0.1,19,0.1
1066,clarity::user::read-only,parse-and-validate-deposit-intent,12.48,0.0,8,8,0.1,8,0.0
1068,clarity::user::read-only,get-remote-recipient,0.39,0.0,8,8,0.1,8,0.0
1074,clarity::user::read-only,is-protocol-paused,10.2,0.0,10,10,0.1,10,0.0
1103,clarity::user::private,pontis-bridge-btc-out,43.94,0.0,1,1,0.0,1,0.0
1105,clarity::user::private,get-and-increment-utxo,14.4,0.0,4,4,0.0,4,0.0
1189,clarity::user::read-only,get-supported-positions,0.81,0.0,11,11,0.1,11,0.0
1207,clarity::user::private,xyk-b,33.95,0.0,1,1,0.0,1,0.0
1213,clarity::user::read-only,check-externals-and-assets,43.11,0.0,11,6,0.0,6,0.0
1341,clarity::user::private,delegate-to-pot,7.96,0.0,1,1,0.0,1,0.0
1343,clarity::builtin,stx-transfer-memo?,2.32,0.0,1,1,0.0,1,0.0
1377,clarity::user::read-only,get-stx-depositors,4.15,0.0,10,9,0.1,9,0.0
1379,clarity::user::read-only,get-conversion-count,3.38,0.0,9,6,0.0,9,0.0
1390,clarity::user::private,filter-small-stx-depositor,3.13,0.0,2,2,0.0,2,0.0
1395,clarity::user::private,distribute-to-stx-depositor,4.73,0.0,2,2,0.0,2,0.0
1415,clarity::user::private,claim-any-rewards,1917.32,0.0,1,1,0.0,1,0.0
1419,clarity::user::private,fold-from-all-cycles-to-unstakeable-cycles,4.53,0.0,1,1,0.0,1,0.0
195,clarity::user::read-only,has-burned-this-epoch,4.66,0.0,3,3,0.0,3,0.0
213,clarity::user::read-only,get-token-names-from-id,10.06,0.0,4,4,0.0,4,0.0
319,clarity::user::read-only,get-current-ts,0.29,0.0,6,4,0.0,4,0.0
435,clarity::user::private,decode-pnau-price-update,34.26,0.0,1,1,0.0,1,0.0
555,clarity::user::read-only,get-delegated-amount,2.44,0.0,3,3,0.0,3,0.0
558,clarity::user::private,delegate-stack-extend-increase,30.98,0.0,1,1,0.0,1,0.0
573,clarity::user::read-only,get-request-claim-grace-period,8.67,0.0,10,5,0.0,5,0.0
601,clarity::user::read-only,get-shutdown-deposits,21.01,0.0,13,13,0.1,13,0.0
609,clarity::user::read-only,get-burn-header,2.15,0.0,13,13,0.1,13,0.0
611,clarity::user::read-only,get-net-assets,5.41,0.0,7,3,0.0,3,0.0
614,clarity::user::read-only,get-pending-rf,2.15,0.0,11,3,0.0,3,0.0
633,clarity::user::read-only,convert-to,59.97,0.0,6,6,0.0,6,0.0
681,clarity::user::read-only,is-liquidator,17.17,0.0,14,14,0.1,14,0.0
736,clarity::user::public,rebase,258.04,0.0,6,3,0.0,3,0.0
742,clarity::user::read-only,get-staker-at-cycle,20.55,0.0,5,1,0.0,1,0.0
767,clarity::user::private,remove-borrowed-asset,1.25,0.0,1,1,0.0,1,0.0
809,clarity::user::private,create-claim,3.22,0.0,1,1,0.0,1,0.0
816,clarity::user::read-only,is-add-collateral-enabled,4.88,0.0,6,6,0.0,6,0.0
818,clarity::user::public,transfer-from,6.32,0.0,7,7,0.0,7,0.0
831,clarity::user::read-only,compounded-interest,1.33,0.0,6,6,0.0,6,0.0
876,clarity::user::private,check-if-exists-and-mark,2.07,0.0,1,1,0.0,1,0.0
907,clarity::user::read-only,check-pox-addr-hashbytes,0.04,0.0,3,2,0.0,2,0.0
910,clarity::user::private,map-extend-increase-locked-amount,0.55,0.0,1,1,0.0,1,0.0
915,clarity::user::private,check-owner,3.11,0.0,1,1,0.0,1,0.0
930,clarity::user::public,swap-curve,295.59,0.0,11,11,0.1,11,0.0
967,clarity::user::read-only,calc-epoch-end,0.04,0.0,4,2,0.0,2,0.0
1071,clarity::user::read-only,verify-deposit-intent-signature,9.79,0.0,8,8,0.1,8,0.0
1072,clarity::user::read-only,recover-deposit-intent-pk,0.34,0.0,8,8,0.1,8,0.0
1073,clarity::user::read-only,validate-protocol-active,10.29,0.0,10,10,0.1,10,0.0
1099,clarity::builtin,hash160,0.0,0.0,1,1,0.0,1,0.0
1106,clarity::user::private,swap-stx-to-pepe-bitflow,75.19,0.0,2,2,0.0,2,0.0
1196,clarity::user::private,add-item,0.01,0.0,1,1,0.0,1,0.0
1204,clarity::user::private,fold-remove,0.01,0.0,1,1,0.0,1,0.0
1212,clarity::user::read-only,check-is-trading-enabled,19.89,0.0,11,6,0.0,6,0.0
1286,clarity::user::private,calculate-new-streak,0.04,0.0,1,1,0.0,1,0.0
1311,clarity::user::read-only,get-total-member-balances,140.01,0.0,4,2,0.0,2,0.0
1313,clarity::user::read-only,get-mint-requests-pending-amount,12.71,0.0,5,2,0.0,2,0.0
1324,clarity::user::read-only,get-id-from-bns,7.91,0.0,9,3,0.0,3,0.0
1331,clarity::user::private,assert-token-exists-in-assets-map,1.17,0.0,1,1,0.0,1,0.0
1404,clarity::user::private,consume-express-limit,8.28,0.0,1,1,0.0,1,0.0
1418,clarity::user::private,reclaim-any-idle-lp,13.21,0.0,1,1,0.0,1,0.0
1439,clarity::user::private,handle-profit,15.94,0.0,1,1,0.0,1,0.0
1448,clarity::user::private,swap-token-to-stx-bitflow,26.98,0.0,1,1,0.0,1,0.0
192,clarity::user::read-only,current-epoch,0.47,0.0,7,4,0.0,4,0.0
317,clarity::user::read-only,get-usdh-per-susdh,13.26,0.0,6,6,0.0,6,0.0
322,clarity::user::read-only,get-soft-blacklist-enabled,5.59,0.0,7,7,0.0,7,0.0
323,clarity::user::read-only,get-soft-blacklist,14.83,0.0,7,7,0.0,7,0.0
595,clarity::user::read-only,get-action-approved,15.49,0.0,7,7,0.0,7,0.0
597,clarity::user::read-only,get-stack-fee,19.93,0.0,13,13,0.1,13,0.0
622,clarity::user::read-only,check-max-deviation,4.13,0.0,2,2,0.0,2,0.0
635,clarity::user::read-only,get-y-from-x,2.47,0.0,6,6,0.0,6,0.0
641,clarity::user::read-only,get-vault-rewards,41.94,0.0,6,6,0.0,6,0.0
721,clarity::user::read-only,get-bid,10.97,0.0,5,5,0.0,5,0.0
735,clarity::user::private,get-end-cycle-v2,7.01,0.0,1,1,0.0,1,0.0
739,clarity::user::read-only,get-start-cycle,6.58,0.0,4,1,0.0,1,0.0
740,clarity::user::read-only,is-cycle-staked,2.24,0.0,4,1,0.0,1,0.0
821,clarity::user::read-only,get-refill-time-window,6.2,0.0,4,4,0.0,4,0.0
844,clarity::user::read-only,free-liquidity,6.59,0.0,4,4,0.0,4,0.0
919,clarity::user::read-only,get-user-staked,0.99,0.0,2,1,0.0,1,0.0
928,clarity::user::read-only,is-curve,0.09,0.0,14,14,0.1,14,0.0
939,clarity::user::private,swap-stx-to-sbtc,34.94,0.0,1,1,0.0,1,0.0
940,clarity::user::private,swap-sbtc-to-token,25.51,0.0,1,1,0.0,1,0.0
943,clarity::user::private,swap-pepe-to-stx,10.96,0.0,1,1,0.0,1,0.0
944,clarity::user::private,swap-sbtc-to-pepe,28.13,0.0,1,1,0.0,1,0.0
1190,clarity::user::read-only,get-liquidity-quote,16.83,0.0,6,6,0.0,6,0.0
1193,clarity::user::read-only,is-blacklisted,8.93,0.0,8,3,0.0,3,0.0
1199,clarity::user::read-only,get-rune-token-by-id,11.64,0.0,3,3,0.0,3,0.0
1203,clarity::user::private,max-repay-amount,0.92,0.0,1,1,0.0,1,0.0
1215,clarity::user::read-only,get-external,26.37,0.0,13,6,0.0,6,0.0
1241,clarity::user::read-only,get-last-tap-block,7.99,0.0,3,1,0.0,1,0.0
1333,clarity::user::read-only,to-system-precision,5.06,0.0,3,3,0.0,3,0.0
1336,clarity::user::read-only,validate-use-as-collateral,0.1,0.0,6,6,0.0,6,0.0
1344,clarity::user::private,add-pot-value,0.93,0.0,1,1,0.0,1,0.0
1347,clarity::user::read-only,meets-enrollment-minimum,9.86,0.0,2,2,0.0,2,0.0
1365,clarity::user::read-only,get-vault-protocol-shares,5.06,0.0,3,2,0.0,2,0.0
1378,clarity::user::public,send-stx-with-memo,3.18,0.0,4,2,0.0,2,0.0
1420,clarity::user::private,filter-unstaked-cycle,0.01,0.0,1,1,0.0,1,0.0
1444,clarity::user::read-only,get-shutdown-withdraw-idle,3.1,0.0,3,3,0.0,3,0.0
1445,clarity::user::read-only,get-staking-basispoints,4.47,0.0,3,3,0.0,3,0.0
1452,clarity::user::private,swap-stx-to-sbtc-velar,8.46,0.0,1,1,0.0,1,0.0
321,clarity::user::read-only,get-cooldown-window,8.37,0.0,3,3,0.0,3,0.0
328,clarity::user::read-only,get-supported-asset,2.63,0.0,1,1,0.0,1,0.0
329,clarity::user::read-only,check-is-supported-asset,0.08,0.0,1,1,0.0,1,0.0
331,clarity::user::read-only,get-redeem-fee,1.6,0.0,1,1,0.0,1,0.0
437,clarity::user::read-only,read-buff-2,0.06,0.0,2,1,0.0,1,0.0
438,clarity::user::read-only,read-buff-8,0.03,0.0,1,1,0.0,1,0.0
557,clarity::user::read-only,get-stacker-info,6.12,0.0,3,2,0.0,2,0.0
610,clarity::user::read-only,get-share-price,26.05,0.0,6,3,0.0,3,0.0
613,clarity::user::read-only,get-pending-fees,4.91,0.0,10,3,0.0,3,0.0
623,clarity::user::read-only,get-max-deviation,4.07,0.0,2,2,0.0,2,0.0
636,clarity::user::read-only,div-precision-with-factor,0.18,0.0,6,6,0.0,6,0.0
639,clarity::user::read-only,get-user-program-index,12.66,0.0,6,6,0.0,6,0.0
699,clarity::user::read-only,get-staking-enabled,3.6,0.0,3,3,0.0,3,0.0
711,clarity::user::read-only,check-is-rewarder,2.1,0.0,1,1,0.0,1,0.0
712,clarity::user::read-only,get-rewarder,2.85,0.0,2,2,0.0,2,0.0
723,clarity::user::read-only,get-reserve-rate,0.39,0.0,1,1,0.0,1,0.0
724,clarity::user::read-only,get-max-reward,0.67,0.0,2,1,0.0,1,0.0
728,clarity::user::read-only,check-max-reward,0.08,0.0,1,1,0.0,1,0.0
730,clarity::user::read-only,get-last-log-ts,1.63,0.0,3,1,0.0,1,0.0
731,clarity::user::read-only,get-update-window,0.92,0.0,1,1,0.0,1,0.0
741,clarity::user::read-only,get-next-base,42.87,0.0,2,1,0.0,1,0.0
744,clarity::user::read-only,get-staking-reward,15.4,0.0,2,1,0.0,1,0.0
750,clarity::user::read-only,is-create-paused,1.61,0.0,1,1,0.0,1,0.0
751,clarity::user::private,reduce-position-v2,56.64,0.0,1,1,0.0,1,0.0
759,clarity::user::read-only,is-whitelisted-or-default,2.21,0.0,1,1,0.0,1,0.0
761,clarity::user::read-only,get-tokens-to-shares,0.14,0.0,2,2,0.0,2,0.0
762,clarity::user::read-only,get-total-shares,2.26,0.0,5,2,0.0,2,0.0
772,clarity::user::read-only,should-process-rewards,17.97,0.0,2,2,0.0,2,0.0
774,clarity::user::read-only,get-stacking-minimum,0.16,0.0,2,2,0.0,2,0.0
775,clarity::user::read-only,get-cycle-rewards-ststx,1.91,0.0,4,2,0.0,2,0.0
779,clarity::user::read-only,get-last-mint-limit-reset,2.75,0.0,1,1,0.0,1,0.0
781,clarity::user::read-only,get-mint-limit,2.97,0.0,1,1,0.0,1,0.0
803,clarity::user::read-only,validate-recipient,0.12,0.0,3,3,0.0,3,0.0
804,clarity::user::read-only,get-custom-exit-fee,1.16,0.0,1,1,0.0,1,0.0
805,clarity::user::read-only,get-custom-cooldown,1.72,0.0,1,1,0.0,1,0.0
810,clarity::user::read-only,get-claim-id,1.89,0.0,1,1,0.0,1,0.0
815,clarity::user::read-only,get-decay-time-window,14.29,0.0,8,8,0.1,8,0.0
833,clarity::user::read-only,is-interest-accrual-enabled,0.19,0.0,6,6,0.0,6,0.0
837,clarity::user::read-only,read-price,20.41,0.0,4,4,0.0,4,0.0
842,clarity::user::read-only,is-borrow-enabled,9.42,0.0,4,4,0.0,4,0.0
845,clarity::user::public,transfer-to,5.25,0.0,4,4,0.0,4,0.0
904,clarity::user::read-only,check-pox-lock-period,0.04,0.0,4,2,0.0,2,0.0
905,clarity::user::read-only,minimal-can-stack-stx,0.18,0.0,3,2,0.0,2,0.0
906,clarity::user::read-only,check-pox-addr-version,0.02,0.0,3,2,0.0,2,0.0
918,clarity::user::read-only,get-total-staked,1.99,0.0,3,1,0.0,1,0.0
929,clarity::user::read-only,is-usdh,0.1,0.0,14,14,0.1,14,0.0
958,clarity::user::read-only,from-system-precision,2.91,0.0,2,2,0.0,2,0.0
1133,clarity::user::public,call-ststx-ratio,93.4,0.0,8,7,0.0,7,0.0
1192,clarity::user::read-only,detect-transfer-restriction,8.99,0.0,4,3,0.0,3,0.0
1202,clarity::user::read-only,is-repay-enabled,0.04,0.0,1,1,0.0,1,0.0
1217,clarity::user::public,register-full,8.67,0.0,2,2,0.0,2,0.0
1240,clarity::user::public,execute-perseverantia,399.07,0.0,1,1,0.0,1,0.0
1249,clarity::user::read-only,get-max-capacity,15.41,0.0,3,1,0.0,1,0.0
1256,clarity::user::public,execute-dexterity,149.94,0.0,1,1,0.0,1,0.0
1257,clarity::user::public,execute-charismatic-flow,139.85,0.0,1,1,0.0,1,0.0
1280,clarity::user::read-only,get-unstack-fee,0.86,0.0,1,1,0.0,1,0.0
1281,clarity::user::read-only,get-shutdown-withdraw,1.03,0.0,1,1,0.0,1,0.0
1287,clarity::user::public,swap-helper-a,59.35,0.0,1,1,0.0,1,0.0
1294,clarity::user::read-only,get-admin,5.51,0.0,2,2,0.0,2,0.0
1310,clarity::user::read-only,get-total-stx,162.38,0.0,4,2,0.0,2,0.0
1316,clarity::user::read-only,is-whitelisted-or-mint-for-all,1.91,0.0,1,1,0.0,1,0.0
1317,clarity::user::read-only,is-epoch-finished,0.15,0.0,2,2,0.0,2,0.0
1325,clarity::user::read-only,get-renewal-height,5.15,0.0,6,2,0.0,2,0.0
1339,clarity::user::read-only,get-registered-users-nonce-or-default,2.96,0.0,1,1,0.0,1,0.0
1349,clarity::user::public,validate-bitcoin-block,19.41,0.0,1,1,0.0,1,0.0
1362,clarity::user::read-only,get-user-sBTC-based-dollar,33.73,0.0,2,2,0.0,2,0.0
1364,clarity::user::read-only,get-vault,4.56,0.0,3,2,0.0,2,0.0
1366,clarity::user::read-only,get-redistribution-params,4.51,0.0,3,2,0.0,2,0.0
1367,clarity::user::read-only,get-vault-accrued-interest,0.88,0.0,3,2,0.0,2,0.0
1369,clarity::user::read-only,div-to-fixed-precision,0.07,0.0,3,2,0.0,2,0.0
1371,clarity::user::read-only,get-rnd,6.85,0.0,1,1,0.0,1,0.0
1386,clarity::user::public,update-retention-rate,0.38,0.0,3,3,0.0,3,0.0
1389,clarity::user::read-only,get-blocks-elapsed,3.27,0.0,2,2,0.0,2,0.0
1393,clarity::user::read-only,get-dex-price,25.99,0.0,2,2,0.0,2,0.0
1394,clarity::user::read-only,get-xyk-price,22.08,0.0,2,2,0.0,2,0.0
1400,clarity::user::read-only,get-min-redeem,1.67,0.0,1,1,0.0,1,0.0
1402,clarity::user::read-only,get-request-redeem-enabled,2.17,0.0,1,1,0.0,1,0.0
1405,clarity::user::read-only,get-last-express-ts,2.94,0.0,1,1,0.0,1,0.0
1407,clarity::user::read-only,get-express-limit,1.12,0.0,1,1,0.0,1,0.0
1429,clarity::user::read-only,calc-d,0.85,0.0,3,3,0.0,3,0.0
1430,clarity::user::read-only,cbrt,0.57,0.0,3,3,0.0,3,0.0
1449,clarity::user::read-only,sats-needed-to-unlock,7.18,0.0,4,4,0.0,4,0.0
1450,clarity::user::read-only,get-share,1.75,0.0,1,1,0.0,1,0.0
194,clarity::user::read-only,get-user-stats,3.54,0.0,3,3,0.0,3,0.0
318,clarity::user::read-only,get-current-claim-id,3.0,0.0,3,3,0.0,3,0.0
326,clarity::user::read-only,get-claim,1.69,0.0,3,3,0.0,3,0.0
327,clarity::user::read-only,get-whitelist,2.66,0.0,1,1,0.0,1,0.0
330,clarity::user::read-only,get-mint-fee,0.53,0.0,1,1,0.0,1,0.0
332,clarity::user::read-only,get-fee-address,2.97,0.0,1,1,0.0,1,0.0
434,clarity::user::public,extract-price,57.34,0.0,1,1,0.0,1,0.0
516,clarity::vm::analysis::analysis_db::AnalysisDatabase,commit,0.0,0.0,28,11,0.1,14,0.0
522,blockstack_lib::clarity_vm::database::marf::PersistentWritableMarfStore,get_open_chain_tip_height,0.0,0.0,14,11,0.1,14,0.0
560,clarity::user::read-only,not-locked-for-cycle,0.02,0.0,1,1,0.0,1,0.0
637,clarity::user::read-only,div-arbitrary,0.06,0.0,6,6,0.0,6,0.0
672,clarity::user::read-only,get-asset-isolation-mode-debt,8.47,0.0,1,1,0.0,1,0.0
722,clarity::user::read-only,get-fees,3.9,0.0,1,1,0.0,1,0.0
729,clarity::user::read-only,check-update-window,2.52,0.0,1,1,0.0,1,0.0
755,clarity::user::read-only,get-balance-fixed,0.74,0.0,1,1,0.0,1,0.0
756,clarity::user::read-only,is-redeem-paused,1.93,0.0,1,1,0.0,1,0.0
773,clarity::user::read-only,get-reward-cycle-length,4.71,0.0,2,2,0.0,2,0.0
776,clarity::user::read-only,get-cycle-rewards-ststxbtc,2.58,0.0,4,2,0.0,2,0.0
778,clarity::user::read-only,get-current-mint-limit,0.01,0.0,2,1,0.0,1,0.0
780,clarity::user::read-only,get-mint-limit-reset-window,2.67,0.0,1,1,0.0,1,0.0
823,clarity::user::read-only,get-staking-reward-percentage,3.21,0.0,6,6,0.0,6,0.0
934,clarity::user::read-only,get-manager,1.99,0.0,1,1,0.0,1,0.0
1102,clarity::user::read-only,get-bridge-fee-amount,2.68,0.0,1,1,0.0,1,0.0
1152,clarity::user::read-only,is-ststx,0.02,0.0,3,3,0.0,3,0.0
1153,clarity::user::public,swap-ststx,115.07,0.0,3,3,0.0,3,0.0
1167,clarity::builtin,bit-not,0.0,0.0,11,11,0.1,11,0.0
1191,clarity::user::read-only,get-next-holder-index,3.5,0.0,2,2,0.0,2,0.0
1194,clarity::vm::analysis::analysis_db::AnalysisDatabase,roll_back,0.0,0.0,3,1,0.0,3,0.0
1205,clarity::user::read-only,is-remove-collateral-enabled,1.61,0.0,1,1,0.0,1,0.0
1219,clarity::user::read-only,get-variable-rate-slope-2,7.44,0.0,2,2,0.0,2,0.0
1293,clarity::user::read-only,check-is-admin,5.54,0.0,2,2,0.0,2,0.0
1314,clarity::user::read-only,get-request-cycle,2.32,0.0,2,2,0.0,2,0.0
1315,clarity::user::read-only,is-not-paused-or-fail,2.93,0.0,2,2,0.0,2,0.0
1327,clarity::user::public,remove-from-balance,1.28,0.0,1,1,0.0,1,0.0
1329,clarity::user::public,add-to-balance,0.79,0.0,1,1,0.0,1,0.0
1337,clarity::user::read-only,get-token-given-position,1.14,0.0,2,2,0.0,2,0.0
1340,clarity::user::read-only,get-registered-users-nonce,2.94,0.0,1,1,0.0,1,0.0
1342,clarity::user::read-only,get-configs,0.01,0.0,1,1,0.0,1,0.0
1368,clarity::user::read-only,calculate-collateral-ratio,0.21,0.0,3,2,0.0,2,0.0
1370,clarity::user::read-only,get-user-sBTC-arkadiko,6.21,0.0,2,2,0.0,2,0.0
1385,clarity::user::public,update-campaign-roi,0.41,0.0,3,3,0.0,3,0.0
1401,clarity::user::read-only,get-redeem-enabled,0.48,0.0,1,1,0.0,1,0.0
1403,clarity::user::read-only,get-express-limit-enabled,0.45,0.0,1,1,0.0,1,0.0
1406,clarity::user::read-only,get-express-window,1.37,0.0,1,1,0.0,1,0.0
1431,clarity::builtin,log2,0.0,0.0,3,3,0.0,3,0.0
1440,clarity::user::read-only,get-usdcx-deposit,1.15,0.0,1,1,0.0,1,0.0
1441,clarity::user::read-only,get-usdcx-depositors,3.16,0.0,1,1,0.0,1,0.0
1443,clarity::user::read-only,get-withdraw-idle-fee,5.37,0.0,3,3,0.0,3,0.0
1446,clarity::user::public,register-with-uri,5.24,0.0,1,1,0.0,1,0.0
1451,clarity::user::read-only,get-shares-to-tokens,0.09,0.0,1,1,0.0,1,0.0
86,blockstack_lib::chainstate::stacks::index::storage::TrieStorageConnection,read_node_hash_bytes,2849.51,-18721.64,690000,15000,100.0,0,0.0
